Date,Month,Day,Year,Unemployment_Rate,Age_Group
2000-01-01,1,1,2000,6.7,20 to 24 years
2000-02-01,2,1,2000,5.6,20 to 24 years
2000-06-01,6,1,2000,12.4,20 to 24 years
2000-07-01,7,1,2000,6.2,20 to 24 years
2000-08-01,8,1,2000,6.2,20 to 24 years
2000-09-01,9,1,2000,4.4,20 to 24 years
2000-10-01,10,1,2000,3.6,20 to 24 years
2000-11-01,11,1,2000,5.2,20 to 24 years
2000-12-01,12,1,2000,4.0,20 to 24 years
2001-01-01,1,1,2001,11.7,20 to 24 years
2001-03-01,3,1,2001,6.8,20 to 24 years
2001-05-01,5,1,2001,9.5,20 to 24 years
2001-06-01,6,1,2001,6.1,20 to 24 years
2001-07-01,7,1,2001,16.0,20 to 24 years
2001-08-01,8,1,2001,8.0,20 to 24 years
2001-09-01,9,1,2001,6.9,20 to 24 years
2001-10-01,10,1,2001,2.8,20 to 24 years
2001-11-01,11,1,2001,13.9,20 to 24 years
2001-12-01,12,1,2001,6.0,20 to 24 years
2002-01-01,1,1,2002,9.3,20 to 24 years
2002-02-01,2,1,2002,2.5,20 to 24 years
2002-03-01,3,1,2002,0.7,20 to 24 years
2002-05-01,5,1,2002,10.6,20 to 24 years
2002-06-01,6,1,2002,18.1,20 to 24 years
2002-07-01,7,1,2002,6.5,20 to 24 years
2002-08-01,8,1,2002,5.2,20 to 24 years
2002-09-01,9,1,2002,11.6,20 to 24 years
2002-10-01,10,1,2002,10.8,20 to 24 years
2002-11-01,11,1,2002,13.2,20 to 24 years
2002-12-01,12,1,2002,12.9,20 to 24 years
2003-01-01,1,1,2003,14.0,20 to 24 years
2003-02-01,2,1,2003,3.5,20 to 24 years
2003-04-01,4,1,2003,6.0,20 to 24 years
2003-06-01,6,1,2003,9.6,20 to 24 years
2003-07-01,7,1,2003,2.5,20 to 24 years
2003-09-01,9,1,2003,2.1,20 to 24 years
2003-11-01,11,1,2003,4.8,20 to 24 years
2003-12-01,12,1,2003,1.9,20 to 24 years
2004-01-01,1,1,2004,4.2,20 to 24 years
2004-02-01,2,1,2004,2.5,20 to 24 years
2004-03-01,3,1,2004,1.9,20 to 24 years
2004-06-01,6,1,2004,10.7,20 to 24 years
2004-07-01,7,1,2004,9.7,20 to 24 years
2004-08-01,8,1,2004,6.0,20 to 24 years
2004-11-01,11,1,2004,3.6,20 to 24 years
2004-12-01,12,1,2004,2.4,20 to 24 years
2005-01-01,1,1,2005,5.7,20 to 24 years
2005-02-01,2,1,2005,3.2,20 to 24 years
2005-03-01,3,1,2005,3.7,20 to 24 years
2005-04-01,4,1,2005,7.9,20 to 24 years
2005-05-01,5,1,2005,10.3,20 to 24 years
2005-06-01,6,1,2005,4.3,20 to 24 years
2005-07-01,7,1,2005,6.2,20 to 24 years
2005-10-01,10,1,2005,6.4,20 to 24 years
2005-12-01,12,1,2005,5.8,20 to 24 years
2006-01-01,1,1,2006,14.1,20 to 24 years
2006-02-01,2,1,2006,7.1,20 to 24 years
2006-03-01,3,1,2006,6.1,20 to 24 years
2006-04-01,4,1,2006,14.5,20 to 24 years
2006-05-01,5,1,2006,8.3,20 to 24 years
2006-06-01,6,1,2006,5.2,20 to 24 years
2006-07-01,7,1,2006,0.4,20 to 24 years
2006-08-01,8,1,2006,10.5,20 to 24 years
2006-09-01,9,1,2006,6.7,20 to 24 years
2006-10-01,10,1,2006,9.2,20 to 24 years
2006-11-01,11,1,2006,13.8,20 to 24 years
2006-12-01,12,1,2006,7.6,20 to 24 years
2007-01-01,1,1,2007,4.7,20 to 24 years
2007-02-01,2,1,2007,0.3,20 to 24 years
2007-06-01,6,1,2007,20.5,20 to 24 years
2007-07-01,7,1,2007,12.0,20 to 24 years
2007-08-01,8,1,2007,3.7,20 to 24 years
2007-09-01,9,1,2007,6.4,20 to 24 years
2007-10-01,10,1,2007,1.9,20 to 24 years
2007-11-01,11,1,2007,2.1,20 to 24 years
2007-12-01,12,1,2007,3.5,20 to 24 years
2008-01-01,1,1,2008,7.0,20 to 24 years
2008-02-01,2,1,2008,5.4,20 to 24 years
2008-03-01,3,1,2008,8.6,20 to 24 years
2008-05-01,5,1,2008,12.1,20 to 24 years
2008-06-01,6,1,2008,5.4,20 to 24 years
2008-07-01,7,1,2008,8.6,20 to 24 years
2008-08-01,8,1,2008,4.1,20 to 24 years
2008-09-01,9,1,2008,10.2,20 to 24 years
2008-10-01,10,1,2008,12.8,20 to 24 years
2008-11-01,11,1,2008,9.8,20 to 24 years
2008-12-01,12,1,2008,5.3,20 to 24 years
2009-01-01,1,1,2009,6.4,20 to 24 years
2009-02-01,2,1,2009,3.4,20 to 24 years
2009-03-01,3,1,2009,3.5,20 to 24 years
2009-04-01,4,1,2009,4.2,20 to 24 years
2009-05-01,5,1,2009,11.2,20 to 24 years
2009-06-01,6,1,2009,13.7,20 to 24 years
2009-07-01,7,1,2009,9.1,20 to 24 years
2009-08-01,8,1,2009,9.3,20 to 24 years
2009-09-01,9,1,2009,10.1,20 to 24 years
2009-10-01,10,1,2009,6.4,20 to 24 years
2009-11-01,11,1,2009,8.6,20 to 24 years
2009-12-01,12,1,2009,9.3,20 to 24 years
2010-01-01,1,1,2010,9.3,20 to 24 years
2010-02-01,2,1,2010,4.8,20 to 24 years
2010-03-01,3,1,2010,1.9,20 to 24 years
2010-05-01,5,1,2010,2.4,20 to 24 years
2010-06-01,6,1,2010,10.5,20 to 24 years
2010-07-01,7,1,2010,6.4,20 to 24 years
2010-08-01,8,1,2010,16.1,20 to 24 years
2010-09-01,9,1,2010,12.3,20 to 24 years
2010-10-01,10,1,2010,11.9,20 to 24 years
2010-11-01,11,1,2010,10.5,20 to 24 years
2010-12-01,12,1,2010,0.9,20 to 24 years
2011-01-01,1,1,2011,9.0,20 to 24 years
2011-02-01,2,1,2011,2.8,20 to 24 years
2011-03-01,3,1,2011,3.3,20 to 24 years
2011-05-01,5,1,2011,4.2,20 to 24 years
2011-06-01,6,1,2011,9.4,20 to 24 years
2011-07-01,7,1,2011,10.1,20 to 24 years
2011-08-01,8,1,2011,10.6,20 to 24 years
2011-09-01,9,1,2011,4.0,20 to 24 years
2011-10-01,10,1,2011,4.3,20 to 24 years
2011-11-01,11,1,2011,0.7,20 to 24 years
2011-12-01,12,1,2011,2.6,20 to 24 years
2012-01-01,1,1,2012,1.5,20 to 24 years
2012-02-01,2,1,2012,9.7,20 to 24 years
2012-03-01,3,1,2012,3.8,20 to 24 years
2012-04-01,4,1,2012,9.4,20 to 24 years
2012-06-01,6,1,2012,6.4,20 to 24 years
2012-07-01,7,1,2012,7.4,20 to 24 years
2012-08-01,8,1,2012,3.2,20 to 24 years
2012-09-01,9,1,2012,5.1,20 to 24 years
2012-10-01,10,1,2012,11.1,20 to 24 years
2012-11-01,11,1,2012,7.1,20 to 24 years
2012-12-01,12,1,2012,2.5,20 to 24 years
2013-01-01,1,1,2013,4.6,20 to 24 years
2013-02-01,2,1,2013,7.3,20 to 24 years
2013-04-01,4,1,2013,2.6,20 to 24 years
2013-05-01,5,1,2013,4.3,20 to 24 years
2013-06-01,6,1,2013,4.4,20 to 24 years
2013-07-01,7,1,2013,5.9,20 to 24 years
2013-08-01,8,1,2013,17.2,20 to 24 years
2013-09-01,9,1,2013,6.2,20 to 24 years
2013-10-01,10,1,2013,5.9,20 to 24 years
2013-11-01,11,1,2013,4.0,20 to 24 years
2013-12-01,12,1,2013,1.9,20 to 24 years
2014-01-01,1,1,2014,8.6,20 to 24 years
2014-02-01,2,1,2014,9.1,20 to 24 years
2014-03-01,3,1,2014,12.3,20 to 24 years
2014-04-01,4,1,2014,4.2,20 to 24 years
2014-05-01,5,1,2014,6.0,20 to 24 years
2014-06-01,6,1,2014,15.4,20 to 24 years
2014-07-01,7,1,2014,12.5,20 to 24 years
2014-08-01,8,1,2014,1.2,20 to 24 years
2014-09-01,9,1,2014,4.2,20 to 24 years
2014-10-01,10,1,2014,4.1,20 to 24 years
2014-11-01,11,1,2014,5.9,20 to 24 years
2014-12-01,12,1,2014,6.6,20 to 24 years
2015-01-01,1,1,2015,5.0,20 to 24 years
2015-02-01,2,1,2015,2.9,20 to 24 years
2015-03-01,3,1,2015,5.4,20 to 24 years
2015-04-01,4,1,2015,5.0,20 to 24 years
2015-05-01,5,1,2015,2.0,20 to 24 years
2015-06-01,6,1,2015,18.8,20 to 24 years
2015-07-01,7,1,2015,14.3,20 to 24 years
2015-08-01,8,1,2015,9.9,20 to 24 years
2015-09-01,9,1,2015,0.4,20 to 24 years
2015-10-01,10,1,2015,6.9,20 to 24 years
2015-11-01,11,1,2015,7.0,20 to 24 years
2015-12-01,12,1,2015,7.3,20 to 24 years
2016-01-01,1,1,2016,8.9,20 to 24 years
2016-02-01,2,1,2016,7.3,20 to 24 years
2016-03-01,3,1,2016,8.8,20 to 24 years
2016-04-01,4,1,2016,3.9,20 to 24 years
2016-05-01,5,1,2016,1.3,20 to 24 years
2016-06-01,6,1,2016,11.8,20 to 24 years
2016-07-01,7,1,2016,11.5,20 to 24 years
2016-08-01,8,1,2016,6.2,20 to 24 years
2016-09-01,9,1,2016,4.9,20 to 24 years
2016-10-01,10,1,2016,5.0,20 to 24 years
2016-11-01,11,1,2016,4.9,20 to 24 years
2016-12-01,12,1,2016,1.8,20 to 24 years
2017-01-01,1,1,2017,5.0,20 to 24 years
2017-02-01,2,1,2017,5.0,20 to 24 years
2017-04-01,4,1,2017,0.3,20 to 24 years
2017-05-01,5,1,2017,9.3,20 to 24 years
2017-06-01,6,1,2017,6.1,20 to 24 years
2017-07-01,7,1,2017,1.8,20 to 24 years
2017-08-01,8,1,2017,4.8,20 to 24 years
2017-09-01,9,1,2017,5.4,20 to 24 years
2017-10-01,10,1,2017,14.0,20 to 24 years
2017-11-01,11,1,2017,5.4,20 to 24 years
2017-12-01,12,1,2017,1.9,20 to 24 years
2018-01-01,1,1,2018,0.9,20 to 24 years
2018-02-01,2,1,2018,4.5,20 to 24 years
2018-03-01,3,1,2018,5.1,20 to 24 years
2018-04-01,4,1,2018,4.7,20 to 24 years
2018-05-01,5,1,2018,2.5,20 to 24 years
2018-06-01,6,1,2018,7.3,20 to 24 years
2018-07-01,7,1,2018,0.8,20 to 24 years
2018-08-01,8,1,2018,5.2,20 to 24 years
2018-09-01,9,1,2018,3.4,20 to 24 years
2018-10-01,10,1,2018,1.9,20 to 24 years
2018-12-01,12,1,2018,5.1,20 to 24 years
2019-01-01,1,1,2019,4.2,20 to 24 years
2019-02-01,2,1,2019,0.9,20 to 24 years
2019-04-01,4,1,2019,2.6,20 to 24 years
2019-05-01,5,1,2019,7.0,20 to 24 years
2019-06-01,6,1,2019,0.3,20 to 24 years
2019-07-01,7,1,2019,3.0,20 to 24 years
2019-08-01,8,1,2019,8.2,20 to 24 years
2019-09-01,9,1,2019,4.8,20 to 24 years
2019-10-01,10,1,2019,5.7,20 to 24 years
2019-11-01,11,1,2019,3.0,20 to 24 years
2019-12-01,12,1,2019,0.3,20 to 24 years
2020-04-01,4,1,2020,9.1,20 to 24 years
2020-05-01,5,1,2020,7.6,20 to 24 years
2020-06-01,6,1,2020,18.9,20 to 24 years
2020-07-01,7,1,2020,9.9,20 to 24 years
2020-08-01,8,1,2020,13.7,20 to 24 years
2020-09-01,9,1,2020,7.3,20 to 24 years
2020-10-01,10,1,2020,10.7,20 to 24 years
2020-11-01,11,1,2020,1.4,20 to 24 years
2020-12-01,12,1,2020,4.9,20 to 24 years
2021-01-01,1,1,2021,2.9,20 to 24 years
2021-02-01,2,1,2021,0.3,20 to 24 years
2021-03-01,3,1,2021,0.9,20 to 24 years
2021-04-01,4,1,2021,2.3,20 to 24 years
2021-05-01,5,1,2021,2.5,20 to 24 years
2021-06-01,6,1,2021,12.8,20 to 24 years
2021-07-01,7,1,2021,16.7,20 to 24 years
2021-08-01,8,1,2021,12.5,20 to 24 years
2021-09-01,9,1,2021,13.4,20 to 24 years
2021-10-01,10,1,2021,0.8,20 to 24 years
2021-12-01,12,1,2021,1.2,20 to 24 years
2022-01-01,1,1,2022,1.5,20 to 24 years
2022-02-01,2,1,2022,1.6,20 to 24 years
2022-03-01,3,1,2022,3.1,20 to 24 years
2022-04-01,4,1,2022,2.9,20 to 24 years
2022-05-01,5,1,2022,1.3,20 to 24 years
2022-06-01,6,1,2022,4.0,20 to 24 years
2022-07-01,7,1,2022,8.6,20 to 24 years
2022-08-01,8,1,2022,12.0,20 to 24 years
2022-09-01,9,1,2022,4.0,20 to 24 years
2022-10-01,10,1,2022,4.9,20 to 24 years
2022-11-01,11,1,2022,3.7,20 to 24 years
2022-12-01,12,1,2022,3.7,20 to 24 years
2023-01-01,1,1,2023,2.4,20 to 24 years
2023-03-01,3,1,2023,2.2,20 to 24 years
2023-04-01,4,1,2023,2.7,20 to 24 years
2023-05-01,5,1,2023,6.8,20 to 24 years
2023-06-01,6,1,2023,9.8,20 to 24 years
2023-07-01,7,1,2023,10.3,20 to 24 years
2023-08-01,8,1,2023,12.5,20 to 24 years
2023-09-01,9,1,2023,8.4,20 to 24 years
2023-10-01,10,1,2023,8.4,20 to 24 years
2023-11-01,11,1,2023,4.0,20 to 24 years
2024-01-01,1,1,2024,0.3,20 to 24 years
2024-02-01,2,1,2024,4.1,20 to 24 years
2024-03-01,3,1,2024,4.9,20 to 24 years
2024-04-01,4,1,2024,0.8,20 to 24 years
2024-05-01,5,1,2024,3.1,20 to 24 years
2024-06-01,6,1,2024,5.9,20 to 24 years
2024-07-01,7,1,2024,9.6,20 to 24 years
2024-08-01,8,1,2024,11.7,20 to 24 years
2024-09-01,9,1,2024,7.7,20 to 24 years
2024-10-01,10,1,2024,4.1,20 to 24 years
2024-11-01,11,1,2024,7.3,20 to 24 years
2024-12-01,12,1,2024,10.7,20 to 24 years
2025-01-01,1,1,2025,13.3,20 to 24 years
2025-02-01,2,1,2025,6.8,20 to 24 years
2025-03-01,3,1,2025,5.9,20 to 24 years
2025-04-01,4,1,2025,1.4,20 to 24 years
2025-05-01,5,1,2025,6.4,20 to 24 years
2025-06-01,6,1,2025,1.7,20 to 24 years
2025-07-01,7,1,2025,10.0,20 to 24 years
2025-08-01,8,1,2025,10.7,20 to 24 years
2025-09-01,9,1,2025,7.7,20 to 24 years
2025-11-01,11,1,2025,6.3,20 to 24 years
2025-12-01,12,1,2025,4.3,20 to 24 years
2026-01-01,1,1,2026,13.9,20 to 24 years
2000-01-01,1,1,2000,1.7,25 to 34 years
2000-02-01,2,1,2000,1.9,25 to 34 years
2000-03-01,3,1,2000,2.3,25 to 34 years
2000-04-01,4,1,2000,0.5,25 to 34 years
2000-05-01,5,1,2000,0.7,25 to 34 years
2000-06-01,6,1,2000,1.4,25 to 34 years
2000-07-01,7,1,2000,1.7,25 to 34 years
2000-08-01,8,1,2000,1.6,25 to 34 years
2000-09-01,9,1,2000,1.1,25 to 34 years
2000-10-01,10,1,2000,1.1,25 to 34 years
2000-11-01,11,1,2000,1.6,25 to 34 years
2000-12-01,12,1,2000,1.8,25 to 34 years
2001-01-01,1,1,2001,1.5,25 to 34 years
2001-02-01,2,1,2001,2.2,25 to 34 years
2001-03-01,3,1,2001,1.6,25 to 34 years
2001-04-01,4,1,2001,1.9,25 to 34 years
2001-05-01,5,1,2001,2.1,25 to 34 years
2001-06-01,6,1,2001,3.6,25 to 34 years
2001-07-01,7,1,2001,4.2,25 to 34 years
2001-08-01,8,1,2001,2.9,25 to 34 years
2001-09-01,9,1,2001,2.1,25 to 34 years
2001-10-01,10,1,2001,1.2,25 to 34 years
2001-11-01,11,1,2001,1.8,25 to 34 years
2001-12-01,12,1,2001,2.6,25 to 34 years
2002-01-01,1,1,2002,3.0,25 to 34 years
2002-02-01,2,1,2002,2.5,25 to 34 years
2002-03-01,3,1,2002,2.4,25 to 34 years
2002-04-01,4,1,2002,2.3,25 to 34 years
2002-05-01,5,1,2002,2.3,25 to 34 years
2002-06-01,6,1,2002,2.6,25 to 34 years
2002-07-01,7,1,2002,4.1,25 to 34 years
2002-08-01,8,1,2002,3.7,25 to 34 years
2002-09-01,9,1,2002,4.0,25 to 34 years
2002-10-01,10,1,2002,3.3,25 to 34 years
2002-11-01,11,1,2002,3.8,25 to 34 years
2002-12-01,12,1,2002,3.1,25 to 34 years
2003-01-01,1,1,2003,2.9,25 to 34 years
2003-02-01,2,1,2003,2.9,25 to 34 years
2003-03-01,3,1,2003,2.4,25 to 34 years
2003-04-01,4,1,2003,2.8,25 to 34 years
2003-05-01,5,1,2003,3.0,25 to 34 years
2003-06-01,6,1,2003,2.7,25 to 34 years
2003-07-01,7,1,2003,2.8,25 to 34 years
2003-08-01,8,1,2003,3.0,25 to 34 years
2003-09-01,9,1,2003,3.8,25 to 34 years
2003-10-01,10,1,2003,2.0,25 to 34 years
2003-11-01,11,1,2003,3.6,25 to 34 years
2003-12-01,12,1,2003,3.1,25 to 34 years
2004-01-01,1,1,2004,2.5,25 to 34 years
2004-02-01,2,1,2004,2.6,25 to 34 years
2004-03-01,3,1,2004,2.0,25 to 34 years
2004-04-01,4,1,2004,2.0,25 to 34 years
2004-05-01,5,1,2004,2.3,25 to 34 years
2004-06-01,6,1,2004,3.3,25 to 34 years
2004-07-01,7,1,2004,3.1,25 to 34 years
2004-08-01,8,1,2004,3.3,25 to 34 years
2004-09-01,9,1,2004,2.3,25 to 34 years
2004-10-01,10,1,2004,2.0,25 to 34 years
2004-11-01,11,1,2004,2.0,25 to 34 years
2004-12-01,12,1,2004,2.0,25 to 34 years
2005-01-01,1,1,2005,2.3,25 to 34 years
2005-02-01,2,1,2005,2.8,25 to 34 years
2005-03-01,3,1,2005,2.0,25 to 34 years
2005-04-01,4,1,2005,1.4,25 to 34 years
2005-05-01,5,1,2005,1.6,25 to 34 years
2005-06-01,6,1,2005,2.1,25 to 34 years
2005-07-01,7,1,2005,3.6,25 to 34 years
2005-08-01,8,1,2005,3.2,25 to 34 years
2005-09-01,9,1,2005,2.5,25 to 34 years
2005-10-01,10,1,2005,1.0,25 to 34 years
2005-11-01,11,1,2005,1.2,25 to 34 years
2005-12-01,12,1,2005,1.4,25 to 34 years
2006-01-01,1,1,2006,1.0,25 to 34 years
2006-02-01,2,1,2006,2.2,25 to 34 years
2006-03-01,3,1,2006,1.8,25 to 34 years
2006-04-01,4,1,2006,1.4,25 to 34 years
2006-05-01,5,1,2006,0.8,25 to 34 years
2006-06-01,6,1,2006,1.1,25 to 34 years
2006-07-01,7,1,2006,2.4,25 to 34 years
2006-08-01,8,1,2006,2.0,25 to 34 years
2006-09-01,9,1,2006,1.5,25 to 34 years
2006-10-01,10,1,2006,1.7,25 to 34 years
2006-11-01,11,1,2006,1.5,25 to 34 years
2006-12-01,12,1,2006,1.0,25 to 34 years
2007-01-01,1,1,2007,1.4,25 to 34 years
2007-02-01,2,1,2007,2.3,25 to 34 years
2007-03-01,3,1,2007,1.0,25 to 34 years
2007-04-01,4,1,2007,1.2,25 to 34 years
2007-05-01,5,1,2007,1.3,25 to 34 years
2007-06-01,6,1,2007,2.1,25 to 34 years
2007-07-01,7,1,2007,1.9,25 to 34 years
2007-08-01,8,1,2007,2.9,25 to 34 years
2007-09-01,9,1,2007,2.4,25 to 34 years
2007-10-01,10,1,2007,0.8,25 to 34 years
2007-11-01,11,1,2007,0.8,25 to 34 years
2007-12-01,12,1,2007,1.2,25 to 34 years
2008-01-01,1,1,2008,1.4,25 to 34 years
2008-02-01,2,1,2008,1.1,25 to 34 years
2008-03-01,3,1,2008,1.1,25 to 34 years
2008-04-01,4,1,2008,1.3,25 to 34 years
2008-05-01,5,1,2008,3.0,25 to 34 years
2008-06-01,6,1,2008,2.9,25 to 34 years
2008-07-01,7,1,2008,2.6,25 to 34 years
2008-08-01,8,1,2008,2.0,25 to 34 years
2008-09-01,9,1,2008,1.8,25 to 34 years
2008-10-01,10,1,2008,4.0,25 to 34 years
2008-11-01,11,1,2008,3.1,25 to 34 years
2008-12-01,12,1,2008,2.3,25 to 34 years
2009-01-01,1,1,2009,3.7,25 to 34 years
2009-02-01,2,1,2009,3.0,25 to 34 years
2009-03-01,3,1,2009,3.7,25 to 34 years
2009-04-01,4,1,2009,3.4,25 to 34 years
2009-05-01,5,1,2009,2.9,25 to 34 years
2009-06-01,6,1,2009,3.3,25 to 34 years
2009-07-01,7,1,2009,5.4,25 to 34 years
2009-08-01,8,1,2009,4.3,25 to 34 years
2009-09-01,9,1,2009,3.5,25 to 34 years
2009-10-01,10,1,2009,3.5,25 to 34 years
2009-11-01,11,1,2009,4.0,25 to 34 years
2009-12-01,12,1,2009,3.9,25 to 34 years
2010-01-01,1,1,2010,4.2,25 to 34 years
2010-02-01,2,1,2010,4.7,25 to 34 years
2010-03-01,3,1,2010,3.2,25 to 34 years
2010-04-01,4,1,2010,4.3,25 to 34 years
2010-05-01,5,1,2010,3.3,25 to 34 years
2010-06-01,6,1,2010,3.9,25 to 34 years
2010-07-01,7,1,2010,6.6,25 to 34 years
2010-08-01,8,1,2010,5.2,25 to 34 years
2010-09-01,9,1,2010,4.2,25 to 34 years
2010-10-01,10,1,2010,3.6,25 to 34 years
2010-11-01,11,1,2010,3.5,25 to 34 years
2010-12-01,12,1,2010,3.3,25 to 34 years
2011-01-01,1,1,2011,3.7,25 to 34 years
2011-02-01,2,1,2011,3.4,25 to 34 years
2011-03-01,3,1,2011,2.7,25 to 34 years
2011-04-01,4,1,2011,2.6,25 to 34 years
2011-05-01,5,1,2011,3.3,25 to 34 years
2011-06-01,6,1,2011,3.2,25 to 34 years
2011-07-01,7,1,2011,3.8,25 to 34 years
2011-08-01,8,1,2011,4.4,25 to 34 years
2011-09-01,9,1,2011,3.3,25 to 34 years
2011-10-01,10,1,2011,3.5,25 to 34 years
2011-11-01,11,1,2011,3.7,25 to 34 years
2011-12-01,12,1,2011,3.3,25 to 34 years
2012-01-01,1,1,2012,3.5,25 to 34 years
2012-02-01,2,1,2012,2.8,25 to 34 years
2012-03-01,3,1,2012,3.0,25 to 34 years
2012-04-01,4,1,2012,2.6,25 to 34 years
2012-05-01,5,1,2012,2.2,25 to 34 years
2012-06-01,6,1,2012,2.5,25 to 34 years
2012-07-01,7,1,2012,3.8,25 to 34 years
2012-08-01,8,1,2012,4.6,25 to 34 years
2012-09-01,9,1,2012,3.2,25 to 34 years
2012-10-01,10,1,2012,3.6,25 to 34 years
2012-11-01,11,1,2012,3.2,25 to 34 years
2012-12-01,12,1,2012,2.9,25 to 34 years
2013-01-01,1,1,2013,2.2,25 to 34 years
2013-02-01,2,1,2013,2.9,25 to 34 years
2013-03-01,3,1,2013,2.2,25 to 34 years
2013-04-01,4,1,2013,3.1,25 to 34 years
2013-05-01,5,1,2013,2.4,25 to 34 years
2013-06-01,6,1,2013,3.1,25 to 34 years
2013-07-01,7,1,2013,4.5,25 to 34 years
2013-08-01,8,1,2013,3.3,25 to 34 years
2013-09-01,9,1,2013,2.6,25 to 34 years
2013-10-01,10,1,2013,2.7,25 to 34 years
2013-11-01,11,1,2013,2.3,25 to 34 years
2013-12-01,12,1,2013,1.7,25 to 34 years
2014-01-01,1,1,2014,2.2,25 to 34 years
2014-02-01,2,1,2014,1.8,25 to 34 years
2014-03-01,3,1,2014,2.7,25 to 34 years
2014-04-01,4,1,2014,2.5,25 to 34 years
2014-05-01,5,1,2014,2.0,25 to 34 years
2014-06-01,6,1,2014,2.7,25 to 34 years
2014-07-01,7,1,2014,2.6,25 to 34 years
2014-08-01,8,1,2014,3.7,25 to 34 years
2014-09-01,9,1,2014,2.3,25 to 34 years
2014-10-01,10,1,2014,2.8,25 to 34 years
2014-11-01,11,1,2014,2.7,25 to 34 years
2014-12-01,12,1,2014,2.1,25 to 34 years
2015-01-01,1,1,2015,2.8,25 to 34 years
2015-02-01,2,1,2015,2.5,25 to 34 years
2015-03-01,3,1,2015,2.2,25 to 34 years
2015-04-01,4,1,2015,1.6,25 to 34 years
2015-05-01,5,1,2015,1.4,25 to 34 years
2015-06-01,6,1,2015,2.5,25 to 34 years
2015-07-01,7,1,2015,2.4,25 to 34 years
2015-08-01,8,1,2015,2.4,25 to 34 years
2015-09-01,9,1,2015,2.4,25 to 34 years
2015-10-01,10,1,2015,3.3,25 to 34 years
2015-11-01,11,1,2015,3.0,25 to 34 years
2015-12-01,12,1,2015,3.3,25 to 34 years
2016-01-01,1,1,2016,2.4,25 to 34 years
2016-02-01,2,1,2016,1.6,25 to 34 years
2016-03-01,3,1,2016,2.0,25 to 34 years
2016-04-01,4,1,2016,1.1,25 to 34 years
2016-05-01,5,1,2016,1.8,25 to 34 years
2016-06-01,6,1,2016,2.8,25 to 34 years
2016-07-01,7,1,2016,4.0,25 to 34 years
2016-08-01,8,1,2016,3.9,25 to 34 years
2016-09-01,9,1,2016,2.3,25 to 34 years
2016-10-01,10,1,2016,2.6,25 to 34 years
2016-11-01,11,1,2016,2.1,25 to 34 years
2016-12-01,12,1,2016,2.5,25 to 34 years
2017-01-01,1,1,2017,2.5,25 to 34 years
2017-02-01,2,1,2017,1.0,25 to 34 years
2017-03-01,3,1,2017,1.3,25 to 34 years
2017-04-01,4,1,2017,1.4,25 to 34 years
2017-05-01,5,1,2017,2.0,25 to 34 years
2017-06-01,6,1,2017,2.5,25 to 34 years
2017-07-01,7,1,2017,2.8,25 to 34 years
2017-08-01,8,1,2017,3.4,25 to 34 years
2017-09-01,9,1,2017,2.9,25 to 34 years
2017-10-01,10,1,2017,2.3,25 to 34 years
2017-11-01,11,1,2017,2.4,25 to 34 years
2017-12-01,12,1,2017,2.4,25 to 34 years
2018-01-01,1,1,2018,2.7,25 to 34 years
2018-02-01,2,1,2018,2.3,25 to 34 years
2018-03-01,3,1,2018,1.6,25 to 34 years
2018-04-01,4,1,2018,1.3,25 to 34 years
2018-05-01,5,1,2018,1.3,25 to 34 years
2018-06-01,6,1,2018,2.3,25 to 34 years
2018-07-01,7,1,2018,2.5,25 to 34 years
2018-08-01,8,1,2018,2.9,25 to 34 years
2018-09-01,9,1,2018,1.3,25 to 34 years
2018-10-01,10,1,2018,2.0,25 to 34 years
2018-11-01,11,1,2018,1.7,25 to 34 years
2018-12-01,12,1,2018,1.7,25 to 34 years
2019-01-01,1,1,2019,2.6,25 to 34 years
2019-02-01,2,1,2019,1.9,25 to 34 years
2019-03-01,3,1,2019,2.2,25 to 34 years
2019-04-01,4,1,2019,1.5,25 to 34 years
2019-05-01,5,1,2019,2.4,25 to 34 years
2019-06-01,6,1,2019,2.4,25 to 34 years
2019-07-01,7,1,2019,3.5,25 to 34 years
2019-08-01,8,1,2019,3.1,25 to 34 years
2019-09-01,9,1,2019,2.0,25 to 34 years
2019-10-01,10,1,2019,2.2,25 to 34 years
2019-11-01,11,1,2019,1.4,25 to 34 years
2019-12-01,12,1,2019,1.4,25 to 34 years
2020-01-01,1,1,2020,1.4,25 to 34 years
2020-02-01,2,1,2020,1.6,25 to 34 years
2020-03-01,3,1,2020,2.2,25 to 34 years
2020-04-01,4,1,2020,4.9,25 to 34 years
2020-05-01,5,1,2020,5.2,25 to 34 years
2020-06-01,6,1,2020,6.3,25 to 34 years
2020-07-01,7,1,2020,7.0,25 to 34 years
2020-08-01,8,1,2020,6.8,25 to 34 years
2020-09-01,9,1,2020,4.1,25 to 34 years
2020-10-01,10,1,2020,4.4,25 to 34 years
2020-11-01,11,1,2020,3.7,25 to 34 years
2020-12-01,12,1,2020,3.5,25 to 34 years
2021-01-01,1,1,2021,3.6,25 to 34 years
2021-02-01,2,1,2021,2.5,25 to 34 years
2021-03-01,3,1,2021,3.7,25 to 34 years
2021-04-01,4,1,2021,2.0,25 to 34 years
2021-05-01,5,1,2021,2.7,25 to 34 years
2021-06-01,6,1,2021,3.1,25 to 34 years
2021-07-01,7,1,2021,4.1,25 to 34 years
2021-08-01,8,1,2021,2.7,25 to 34 years
2021-09-01,9,1,2021,2.6,25 to 34 years
2021-10-01,10,1,2021,1.8,25 to 34 years
2021-11-01,11,1,2021,1.3,25 to 34 years
2021-12-01,12,1,2021,1.6,25 to 34 years
2022-01-01,1,1,2022,2.5,25 to 34 years
2022-02-01,2,1,2022,1.1,25 to 34 years
2022-03-01,3,1,2022,1.1,25 to 34 years
2022-04-01,4,1,2022,1.6,25 to 34 years
2022-05-01,5,1,2022,1.8,25 to 34 years
2022-06-01,6,1,2022,1.8,25 to 34 years
2022-07-01,7,1,2022,2.6,25 to 34 years
2022-08-01,8,1,2022,2.6,25 to 34 years
2022-09-01,9,1,2022,2.4,25 to 34 years
2022-10-01,10,1,2022,2.1,25 to 34 years
2022-11-01,11,1,2022,2.0,25 to 34 years
2022-12-01,12,1,2022,1.5,25 to 34 years
2023-01-01,1,1,2023,2.4,25 to 34 years
2023-02-01,2,1,2023,2.4,25 to 34 years
2023-03-01,3,1,2023,1.8,25 to 34 years
2023-04-01,4,1,2023,1.6,25 to 34 years
2023-05-01,5,1,2023,1.2,25 to 34 years
2023-06-01,6,1,2023,2.5,25 to 34 years
2023-07-01,7,1,2023,2.1,25 to 34 years
2023-08-01,8,1,2023,2.9,25 to 34 years
2023-09-01,9,1,2023,2.1,25 to 34 years
2023-10-01,10,1,2023,2.2,25 to 34 years
2023-11-01,11,1,2023,1.8,25 to 34 years
2023-12-01,12,1,2023,1.7,25 to 34 years
2024-01-01,1,1,2024,1.5,25 to 34 years
2024-02-01,2,1,2024,2.5,25 to 34 years
2024-03-01,3,1,2024,2.3,25 to 34 years
2024-04-01,4,1,2024,3.0,25 to 34 years
2024-05-01,5,1,2024,1.4,25 to 34 years
2024-06-01,6,1,2024,2.8,25 to 34 years
2024-07-01,7,1,2024,2.4,25 to 34 years
2024-08-01,8,1,2024,4.2,25 to 34 years
2024-09-01,9,1,2024,2.6,25 to 34 years
2024-10-01,10,1,2024,2.8,25 to 34 years
2024-11-01,11,1,2024,2.1,25 to 34 years
2024-12-01,12,1,2024,2.2,25 to 34 years
2025-01-01,1,1,2025,2.3,25 to 34 years
2025-02-01,2,1,2025,3.0,25 to 34 years
2025-03-01,3,1,2025,2.9,25 to 34 years
2025-04-01,4,1,2025,1.7,25 to 34 years
2025-05-01,5,1,2025,2.0,25 to 34 years
2025-06-01,6,1,2025,2.7,25 to 34 years
2025-07-01,7,1,2025,5.0,25 to 34 years
2025-08-01,8,1,2025,3.9,25 to 34 years
2025-09-01,9,1,2025,4.8,25 to 34 years
2025-11-01,11,1,2025,3.6,25 to 34 years
2025-12-01,12,1,2025,3.3,25 to 34 years
2026-01-01,1,1,2026,3.3,25 to 34 years
2000-01-01,1,1,2000,1.6,35 to 44 years
2000-02-01,2,1,2000,1.5,35 to 44 years
2000-03-01,3,1,2000,1.7,35 to 44 years
2000-04-01,4,1,2000,1.5,35 to 44 years
2000-05-01,5,1,2000,1.2,35 to 44 years
2000-06-01,6,1,2000,1.6,35 to 44 years
2000-07-01,7,1,2000,2.8,35 to 44 years
2000-08-01,8,1,2000,2.1,35 to 44 years
2000-09-01,9,1,2000,2.2,35 to 44 years
2000-10-01,10,1,2000,1.6,35 to 44 years
2000-11-01,11,1,2000,1.3,35 to 44 years
2000-12-01,12,1,2000,0.9,35 to 44 years
2001-01-01,1,1,2001,1.3,35 to 44 years
2001-02-01,2,1,2001,1.9,35 to 44 years
2001-03-01,3,1,2001,2.2,35 to 44 years
2001-04-01,4,1,2001,1.5,35 to 44 years
2001-05-01,5,1,2001,1.6,35 to 44 years
2001-06-01,6,1,2001,1.5,35 to 44 years
2001-07-01,7,1,2001,2.3,35 to 44 years
2001-08-01,8,1,2001,3.0,35 to 44 years
2001-09-01,9,1,2001,3.1,35 to 44 years
2001-10-01,10,1,2001,2.5,35 to 44 years
2001-11-01,11,1,2001,3.4,35 to 44 years
2001-12-01,12,1,2001,2.6,35 to 44 years
2002-01-01,1,1,2002,2.8,35 to 44 years
2002-02-01,2,1,2002,2.6,35 to 44 years
2002-03-01,3,1,2002,2.3,35 to 44 years
2002-04-01,4,1,2002,2.6,35 to 44 years
2002-05-01,5,1,2002,2.4,35 to 44 years
2002-06-01,6,1,2002,2.9,35 to 44 years
2002-07-01,7,1,2002,3.3,35 to 44 years
2002-08-01,8,1,2002,3.7,35 to 44 years
2002-09-01,9,1,2002,3.4,35 to 44 years
2002-10-01,10,1,2002,3.7,35 to 44 years
2002-11-01,11,1,2002,2.2,35 to 44 years
2002-12-01,12,1,2002,2.6,35 to 44 years
2003-01-01,1,1,2003,2.1,35 to 44 years
2003-02-01,2,1,2003,2.4,35 to 44 years
2003-03-01,3,1,2003,1.9,35 to 44 years
2003-04-01,4,1,2003,2.3,35 to 44 years
2003-05-01,5,1,2003,3.2,35 to 44 years
2003-06-01,6,1,2003,4.0,35 to 44 years
2003-07-01,7,1,2003,3.9,35 to 44 years
2003-08-01,8,1,2003,3.7,35 to 44 years
2003-09-01,9,1,2003,3.0,35 to 44 years
2003-10-01,10,1,2003,2.0,35 to 44 years
2003-11-01,11,1,2003,2.2,35 to 44 years
2003-12-01,12,1,2003,2.5,35 to 44 years
2004-01-01,1,1,2004,2.5,35 to 44 years
2004-02-01,2,1,2004,2.7,35 to 44 years
2004-03-01,3,1,2004,2.2,35 to 44 years
2004-04-01,4,1,2004,2.0,35 to 44 years
2004-05-01,5,1,2004,2.1,35 to 44 years
2004-06-01,6,1,2004,2.4,35 to 44 years
2004-07-01,7,1,2004,2.0,35 to 44 years
2004-08-01,8,1,2004,2.2,35 to 44 years
2004-09-01,9,1,2004,2.2,35 to 44 years
2004-10-01,10,1,2004,2.2,35 to 44 years
2004-11-01,11,1,2004,2.0,35 to 44 years
2004-12-01,12,1,2004,1.1,35 to 44 years
2005-01-01,1,1,2005,1.8,35 to 44 years
2005-02-01,2,1,2005,1.7,35 to 44 years
2005-03-01,3,1,2005,1.9,35 to 44 years
2005-04-01,4,1,2005,2.0,35 to 44 years
2005-05-01,5,1,2005,1.6,35 to 44 years
2005-06-01,6,1,2005,2.0,35 to 44 years
2005-07-01,7,1,2005,2.2,35 to 44 years
2005-08-01,8,1,2005,1.9,35 to 44 years
2005-09-01,9,1,2005,1.7,35 to 44 years
2005-10-01,10,1,2005,2.4,35 to 44 years
2005-11-01,11,1,2005,1.6,35 to 44 years
2005-12-01,12,1,2005,1.7,35 to 44 years
2006-01-01,1,1,2006,1.1,35 to 44 years
2006-02-01,2,1,2006,1.8,35 to 44 years
2006-03-01,3,1,2006,1.3,35 to 44 years
2006-04-01,4,1,2006,1.5,35 to 44 years
2006-05-01,5,1,2006,1.6,35 to 44 years
2006-06-01,6,1,2006,0.9,35 to 44 years
2006-07-01,7,1,2006,1.5,35 to 44 years
2006-08-01,8,1,2006,1.4,35 to 44 years
2006-09-01,9,1,2006,1.3,35 to 44 years
2006-10-01,10,1,2006,1.1,35 to 44 years
2006-11-01,11,1,2006,1.2,35 to 44 years
2006-12-01,12,1,2006,1.4,35 to 44 years
2007-01-01,1,1,2007,1.6,35 to 44 years
2007-02-01,2,1,2007,1.2,35 to 44 years
2007-03-01,3,1,2007,1.7,35 to 44 years
2007-04-01,4,1,2007,1.5,35 to 44 years
2007-05-01,5,1,2007,1.4,35 to 44 years
2007-06-01,6,1,2007,1.3,35 to 44 years
2007-07-01,7,1,2007,2.5,35 to 44 years
2007-08-01,8,1,2007,2.3,35 to 44 years
2007-09-01,9,1,2007,1.3,35 to 44 years
2007-10-01,10,1,2007,1.3,35 to 44 years
2007-11-01,11,1,2007,1.2,35 to 44 years
2007-12-01,12,1,2007,1.2,35 to 44 years
2008-01-01,1,1,2008,1.1,35 to 44 years
2008-02-01,2,1,2008,1.4,35 to 44 years
2008-03-01,3,1,2008,1.4,35 to 44 years
2008-04-01,4,1,2008,1.6,35 to 44 years
2008-05-01,5,1,2008,1.3,35 to 44 years
2008-06-01,6,1,2008,2.0,35 to 44 years
2008-07-01,7,1,2008,2.5,35 to 44 years
2008-08-01,8,1,2008,3.0,35 to 44 years
2008-09-01,9,1,2008,2.3,35 to 44 years
2008-10-01,10,1,2008,2.0,35 to 44 years
2008-11-01,11,1,2008,1.8,35 to 44 years
2008-12-01,12,1,2008,2.5,35 to 44 years
2009-01-01,1,1,2009,2.8,35 to 44 years
2009-02-01,2,1,2009,2.9,35 to 44 years
2009-03-01,3,1,2009,2.7,35 to 44 years
2009-04-01,4,1,2009,3.9,35 to 44 years
2009-05-01,5,1,2009,4.0,35 to 44 years
2009-06-01,6,1,2009,4.2,35 to 44 years
2009-07-01,7,1,2009,3.9,35 to 44 years
2009-08-01,8,1,2009,3.6,35 to 44 years
2009-09-01,9,1,2009,4.0,35 to 44 years
2009-10-01,10,1,2009,4.0,35 to 44 years
2009-11-01,11,1,2009,3.0,35 to 44 years
2009-12-01,12,1,2009,2.9,35 to 44 years
2010-01-01,1,1,2010,3.8,35 to 44 years
2010-02-01,2,1,2010,2.9,35 to 44 years
2010-03-01,3,1,2010,3.2,35 to 44 years
2010-04-01,4,1,2010,3.0,35 to 44 years
2010-05-01,5,1,2010,3.1,35 to 44 years
2010-06-01,6,1,2010,3.9,35 to 44 years
2010-07-01,7,1,2010,3.7,35 to 44 years
2010-08-01,8,1,2010,3.8,35 to 44 years
2010-09-01,9,1,2010,3.4,35 to 44 years
2010-10-01,10,1,2010,2.8,35 to 44 years
2010-11-01,11,1,2010,3.4,35 to 44 years
2010-12-01,12,1,2010,3.1,35 to 44 years
2011-01-01,1,1,2011,3.5,35 to 44 years
2011-02-01,2,1,2011,4.4,35 to 44 years
2011-03-01,3,1,2011,4.2,35 to 44 years
2011-04-01,4,1,2011,3.1,35 to 44 years
2011-05-01,5,1,2011,3.2,35 to 44 years
2011-06-01,6,1,2011,2.8,35 to 44 years
2011-07-01,7,1,2011,2.7,35 to 44 years
2011-08-01,8,1,2011,3.3,35 to 44 years
2011-09-01,9,1,2011,3.7,35 to 44 years
2011-10-01,10,1,2011,3.3,35 to 44 years
2011-11-01,11,1,2011,3.2,35 to 44 years
2011-12-01,12,1,2011,3.0,35 to 44 years
2012-01-01,1,1,2012,2.8,35 to 44 years
2012-02-01,2,1,2012,3.3,35 to 44 years
2012-03-01,3,1,2012,2.7,35 to 44 years
2012-04-01,4,1,2012,2.5,35 to 44 years
2012-05-01,5,1,2012,2.0,35 to 44 years
2012-06-01,6,1,2012,2.4,35 to 44 years
2012-07-01,7,1,2012,4.7,35 to 44 years
2012-08-01,8,1,2012,4.2,35 to 44 years
2012-09-01,9,1,2012,2.9,35 to 44 years
2012-10-01,10,1,2012,2.6,35 to 44 years
2012-11-01,11,1,2012,2.3,35 to 44 years
2012-12-01,12,1,2012,3.8,35 to 44 years
2013-01-01,1,1,2013,3.3,35 to 44 years
2013-02-01,2,1,2013,4.0,35 to 44 years
2013-03-01,3,1,2013,3.0,35 to 44 years
2013-04-01,4,1,2013,2.7,35 to 44 years
2013-05-01,5,1,2013,3.5,35 to 44 years
2013-06-01,6,1,2013,3.7,35 to 44 years
2013-07-01,7,1,2013,3.6,35 to 44 years
2013-08-01,8,1,2013,2.3,35 to 44 years
2013-09-01,9,1,2013,1.8,35 to 44 years
2013-10-01,10,1,2013,1.8,35 to 44 years
2013-11-01,11,1,2013,2.1,35 to 44 years
2013-12-01,12,1,2013,1.8,35 to 44 years
2014-01-01,1,1,2014,1.7,35 to 44 years
2014-02-01,2,1,2014,2.3,35 to 44 years
2014-03-01,3,1,2014,2.6,35 to 44 years
2014-04-01,4,1,2014,2.8,35 to 44 years
2014-05-01,5,1,2014,2.5,35 to 44 years
2014-06-01,6,1,2014,2.4,35 to 44 years
2014-07-01,7,1,2014,3.0,35 to 44 years
2014-08-01,8,1,2014,3.1,35 to 44 years
2014-09-01,9,1,2014,2.8,35 to 44 years
2014-10-01,10,1,2014,2.4,35 to 44 years
2014-11-01,11,1,2014,2.0,35 to 44 years
2014-12-01,12,1,2014,2.2,35 to 44 years
2015-01-01,1,1,2015,1.9,35 to 44 years
2015-02-01,2,1,2015,1.7,35 to 44 years
2015-03-01,3,1,2015,1.6,35 to 44 years
2015-04-01,4,1,2015,2.0,35 to 44 years
2015-05-01,5,1,2015,2.5,35 to 44 years
2015-06-01,6,1,2015,3.0,35 to 44 years
2015-07-01,7,1,2015,4.0,35 to 44 years
2015-08-01,8,1,2015,2.3,35 to 44 years
2015-09-01,9,1,2015,1.7,35 to 44 years
2015-10-01,10,1,2015,2.1,35 to 44 years
2015-11-01,11,1,2015,1.8,35 to 44 years
2015-12-01,12,1,2015,1.4,35 to 44 years
2016-01-01,1,1,2016,1.5,35 to 44 years
2016-02-01,2,1,2016,1.5,35 to 44 years
2016-03-01,3,1,2016,1.7,35 to 44 years
2016-04-01,4,1,2016,1.6,35 to 44 years
2016-05-01,5,1,2016,2.1,35 to 44 years
2016-06-01,6,1,2016,2.4,35 to 44 years
2016-07-01,7,1,2016,2.2,35 to 44 years
2016-08-01,8,1,2016,3.0,35 to 44 years
2016-09-01,9,1,2016,2.6,35 to 44 years
2016-10-01,10,1,2016,1.9,35 to 44 years
2016-11-01,11,1,2016,1.7,35 to 44 years
2016-12-01,12,1,2016,1.5,35 to 44 years
2017-01-01,1,1,2017,1.9,35 to 44 years
2017-02-01,2,1,2017,1.8,35 to 44 years
2017-03-01,3,1,2017,2.1,35 to 44 years
2017-04-01,4,1,2017,2.1,35 to 44 years
2017-05-01,5,1,2017,2.0,35 to 44 years
2017-06-01,6,1,2017,2.2,35 to 44 years
2017-07-01,7,1,2017,2.2,35 to 44 years
2017-08-01,8,1,2017,1.8,35 to 44 years
2017-09-01,9,1,2017,1.2,35 to 44 years
2017-10-01,10,1,2017,0.9,35 to 44 years
2017-11-01,11,1,2017,0.9,35 to 44 years
2017-12-01,12,1,2017,1.1,35 to 44 years
2018-01-01,1,1,2018,1.5,35 to 44 years
2018-02-01,2,1,2018,1.7,35 to 44 years
2018-03-01,3,1,2018,1.8,35 to 44 years
2018-04-01,4,1,2018,1.7,35 to 44 years
2018-05-01,5,1,2018,1.6,35 to 44 years
2018-06-01,6,1,2018,2.2,35 to 44 years
2018-07-01,7,1,2018,2.8,35 to 44 years
2018-08-01,8,1,2018,2.5,35 to 44 years
2018-09-01,9,1,2018,1.2,35 to 44 years
2018-10-01,10,1,2018,1.5,35 to 44 years
2018-11-01,11,1,2018,1.4,35 to 44 years
2018-12-01,12,1,2018,1.7,35 to 44 years
2019-01-01,1,1,2019,1.6,35 to 44 years
2019-02-01,2,1,2019,0.9,35 to 44 years
2019-03-01,3,1,2019,1.0,35 to 44 years
2019-04-01,4,1,2019,1.1,35 to 44 years
2019-05-01,5,1,2019,1.0,35 to 44 years
2019-06-01,6,1,2019,1.6,35 to 44 years
2019-07-01,7,1,2019,1.7,35 to 44 years
2019-08-01,8,1,2019,2.1,35 to 44 years
2019-09-01,9,1,2019,0.9,35 to 44 years
2019-10-01,10,1,2019,1.4,35 to 44 years
2019-11-01,11,1,2019,2.0,35 to 44 years
2019-12-01,12,1,2019,1.9,35 to 44 years
2020-01-01,1,1,2020,1.9,35 to 44 years
2020-02-01,2,1,2020,1.2,35 to 44 years
2020-03-01,3,1,2020,2.6,35 to 44 years
2020-04-01,4,1,2020,5.1,35 to 44 years
2020-05-01,5,1,2020,3.8,35 to 44 years
2020-06-01,6,1,2020,4.1,35 to 44 years
2020-07-01,7,1,2020,4.5,35 to 44 years
2020-08-01,8,1,2020,4.0,35 to 44 years
2020-09-01,9,1,2020,2.5,35 to 44 years
2020-10-01,10,1,2020,2.9,35 to 44 years
2020-11-01,11,1,2020,2.6,35 to 44 years
2020-12-01,12,1,2020,2.3,35 to 44 years
2021-01-01,1,1,2021,2.3,35 to 44 years
2021-02-01,2,1,2021,3.2,35 to 44 years
2021-03-01,3,1,2021,3.3,35 to 44 years
2021-04-01,4,1,2021,2.5,35 to 44 years
2021-05-01,5,1,2021,2.1,35 to 44 years
2021-06-01,6,1,2021,2.4,35 to 44 years
2021-07-01,7,1,2021,2.9,35 to 44 years
2021-08-01,8,1,2021,1.4,35 to 44 years
2021-09-01,9,1,2021,1.1,35 to 44 years
2021-10-01,10,1,2021,1.1,35 to 44 years
2021-11-01,11,1,2021,1.3,35 to 44 years
2022-01-01,1,1,2022,3.5,35 to 44 years
2022-02-01,2,1,2022,1.3,35 to 44 years
2022-03-01,3,1,2022,1.9,35 to 44 years
2022-04-01,4,1,2022,1.8,35 to 44 years
2022-05-01,5,1,2022,1.5,35 to 44 years
2022-06-01,6,1,2022,2.4,35 to 44 years
2022-07-01,7,1,2022,2.8,35 to 44 years
2022-08-01,8,1,2022,2.0,35 to 44 years
2022-09-01,9,1,2022,1.3,35 to 44 years
2022-10-01,10,1,2022,1.1,35 to 44 years
2022-11-01,11,1,2022,0.8,35 to 44 years
2022-12-01,12,1,2022,1.0,35 to 44 years
2023-01-01,1,1,2023,1.6,35 to 44 years
2023-02-01,2,1,2023,1.0,35 to 44 years
2023-03-01,3,1,2023,1.3,35 to 44 years
2023-04-01,4,1,2023,1.8,35 to 44 years
2023-05-01,5,1,2023,1.5,35 to 44 years
2023-06-01,6,1,2023,2.1,35 to 44 years
2023-07-01,7,1,2023,2.3,35 to 44 years
2023-08-01,8,1,2023,2.3,35 to 44 years
2023-09-01,9,1,2023,1.5,35 to 44 years
2023-10-01,10,1,2023,2.1,35 to 44 years
2023-11-01,11,1,2023,1.4,35 to 44 years
2023-12-01,12,1,2023,1.7,35 to 44 years
2024-01-01,1,1,2024,1.8,35 to 44 years
2024-02-01,2,1,2024,1.4,35 to 44 years
2024-03-01,3,1,2024,1.5,35 to 44 years
2024-04-01,4,1,2024,1.8,35 to 44 years
2024-05-01,5,1,2024,1.7,35 to 44 years
2024-06-01,6,1,2024,2.6,35 to 44 years
2024-07-01,7,1,2024,2.5,35 to 44 years
2024-08-01,8,1,2024,2.2,35 to 44 years
2024-09-01,9,1,2024,2.0,35 to 44 years
2024-10-01,10,1,2024,2.0,35 to 44 years
2024-11-01,11,1,2024,2.1,35 to 44 years
2024-12-01,12,1,2024,2.4,35 to 44 years
2025-01-01,1,1,2025,2.6,35 to 44 years
2025-02-01,2,1,2025,2.1,35 to 44 years
2025-03-01,3,1,2025,1.9,35 to 44 years
2025-04-01,4,1,2025,1.1,35 to 44 years
2025-05-01,5,1,2025,1.7,35 to 44 years
2025-06-01,6,1,2025,2.4,35 to 44 years
2025-07-01,7,1,2025,3.1,35 to 44 years
2025-08-01,8,1,2025,2.8,35 to 44 years
2025-09-01,9,1,2025,1.6,35 to 44 years
2025-11-01,11,1,2025,2.1,35 to 44 years
2025-12-01,12,1,2025,2.3,35 to 44 years
2026-01-01,1,1,2026,2.5,35 to 44 years
2000-01-01,1,1,2000,1.7,45 to 54 years
2000-02-01,2,1,2000,1.4,45 to 54 years
2000-03-01,3,1,2000,1.2,45 to 54 years
2000-04-01,4,1,2000,1.2,45 to 54 years
2000-05-01,5,1,2000,0.5,45 to 54 years
2000-06-01,6,1,2000,1.6,45 to 54 years
2000-07-01,7,1,2000,2.0,45 to 54 years
2000-08-01,8,1,2000,2.3,45 to 54 years
2000-09-01,9,1,2000,2.0,45 to 54 years
2000-10-01,10,1,2000,1.8,45 to 54 years
2000-11-01,11,1,2000,1.2,45 to 54 years
2000-12-01,12,1,2000,1.1,45 to 54 years
2001-01-01,1,1,2001,1.1,45 to 54 years
2001-02-01,2,1,2001,1.3,45 to 54 years
2001-03-01,3,1,2001,1.0,45 to 54 years
2001-04-01,4,1,2001,1.1,45 to 54 years
2001-05-01,5,1,2001,1.7,45 to 54 years
2001-06-01,6,1,2001,2.0,45 to 54 years
2001-07-01,7,1,2001,2.5,45 to 54 years
2001-08-01,8,1,2001,2.9,45 to 54 years
2001-09-01,9,1,2001,2.1,45 to 54 years
2001-10-01,10,1,2001,2.9,45 to 54 years
2001-11-01,11,1,2001,2.6,45 to 54 years
2001-12-01,12,1,2001,1.6,45 to 54 years
2002-01-01,1,1,2002,1.9,45 to 54 years
2002-02-01,2,1,2002,2.1,45 to 54 years
2002-03-01,3,1,2002,1.4,45 to 54 years
2002-04-01,4,1,2002,2.2,45 to 54 years
2002-05-01,5,1,2002,2.6,45 to 54 years
2002-06-01,6,1,2002,4.1,45 to 54 years
2002-07-01,7,1,2002,4.1,45 to 54 years
2002-08-01,8,1,2002,4.0,45 to 54 years
2002-09-01,9,1,2002,3.6,45 to 54 years
2002-10-01,10,1,2002,1.9,45 to 54 years
2002-11-01,11,1,2002,2.1,45 to 54 years
2002-12-01,12,1,2002,2.4,45 to 54 years
2003-01-01,1,1,2003,2.6,45 to 54 years
2003-02-01,2,1,2003,1.7,45 to 54 years
2003-03-01,3,1,2003,2.9,45 to 54 years
2003-04-01,4,1,2003,3.5,45 to 54 years
2003-05-01,5,1,2003,2.6,45 to 54 years
2003-06-01,6,1,2003,2.5,45 to 54 years
2003-07-01,7,1,2003,2.2,45 to 54 years
2003-08-01,8,1,2003,2.7,45 to 54 years
2003-09-01,9,1,2003,2.7,45 to 54 years
2003-10-01,10,1,2003,2.4,45 to 54 years
2003-11-01,11,1,2003,2.5,45 to 54 years
2003-12-01,12,1,2003,2.4,45 to 54 years
2004-01-01,1,1,2004,2.8,45 to 54 years
2004-02-01,2,1,2004,2.7,45 to 54 years
2004-03-01,3,1,2004,2.7,45 to 54 years
2004-04-01,4,1,2004,2.5,45 to 54 years
2004-05-01,5,1,2004,2.8,45 to 54 years
2004-06-01,6,1,2004,1.9,45 to 54 years
2004-07-01,7,1,2004,3.2,45 to 54 years
2004-08-01,8,1,2004,3.0,45 to 54 years
2004-09-01,9,1,2004,2.5,45 to 54 years
2004-10-01,10,1,2004,2.2,45 to 54 years
2004-11-01,11,1,2004,1.9,45 to 54 years
2004-12-01,12,1,2004,1.9,45 to 54 years
2005-01-01,1,1,2005,2.1,45 to 54 years
2005-02-01,2,1,2005,2.3,45 to 54 years
2005-03-01,3,1,2005,2.3,45 to 54 years
2005-04-01,4,1,2005,2.6,45 to 54 years
2005-05-01,5,1,2005,2.4,45 to 54 years
2005-06-01,6,1,2005,2.4,45 to 54 years
2005-07-01,7,1,2005,3.1,45 to 54 years
2005-08-01,8,1,2005,2.1,45 to 54 years
2005-09-01,9,1,2005,2.0,45 to 54 years
2005-10-01,10,1,2005,2.0,45 to 54 years
2005-11-01,11,1,2005,1.3,45 to 54 years
2005-12-01,12,1,2005,1.2,45 to 54 years
2006-01-01,1,1,2006,1.2,45 to 54 years
2006-02-01,2,1,2006,1.4,45 to 54 years
2006-03-01,3,1,2006,1.6,45 to 54 years
2006-04-01,4,1,2006,1.8,45 to 54 years
2006-05-01,5,1,2006,1.6,45 to 54 years
2006-06-01,6,1,2006,1.6,45 to 54 years
2006-07-01,7,1,2006,2.6,45 to 54 years
2006-08-01,8,1,2006,2.1,45 to 54 years
2006-09-01,9,1,2006,2.3,45 to 54 years
2006-10-01,10,1,2006,1.4,45 to 54 years
2006-11-01,11,1,2006,1.2,45 to 54 years
2006-12-01,12,1,2006,1.2,45 to 54 years
2007-01-01,1,1,2007,1.7,45 to 54 years
2007-02-01,2,1,2007,1.5,45 to 54 years
2007-03-01,3,1,2007,1.8,45 to 54 years
2007-04-01,4,1,2007,0.9,45 to 54 years
2007-05-01,5,1,2007,1.1,45 to 54 years
2007-06-01,6,1,2007,1.4,45 to 54 years
2007-07-01,7,1,2007,2.1,45 to 54 years
2007-08-01,8,1,2007,1.6,45 to 54 years
2007-09-01,9,1,2007,1.4,45 to 54 years
2007-10-01,10,1,2007,2.2,45 to 54 years
2007-11-01,11,1,2007,2.5,45 to 54 years
2007-12-01,12,1,2007,1.9,45 to 54 years
2008-01-01,1,1,2008,2.6,45 to 54 years
2008-02-01,2,1,2008,1.7,45 to 54 years
2008-03-01,3,1,2008,1.4,45 to 54 years
2008-04-01,4,1,2008,1.5,45 to 54 years
2008-05-01,5,1,2008,1.8,45 to 54 years
2008-06-01,6,1,2008,2.3,45 to 54 years
2008-07-01,7,1,2008,2.5,45 to 54 years
2008-08-01,8,1,2008,2.4,45 to 54 years
2008-09-01,9,1,2008,2.4,45 to 54 years
2008-10-01,10,1,2008,2.2,45 to 54 years
2008-11-01,11,1,2008,3.4,45 to 54 years
2008-12-01,12,1,2008,3.9,45 to 54 years
2009-01-01,1,1,2009,3.6,45 to 54 years
2009-02-01,2,1,2009,4.2,45 to 54 years
2009-03-01,3,1,2009,4.5,45 to 54 years
2009-04-01,4,1,2009,3.2,45 to 54 years
2009-05-01,5,1,2009,3.5,45 to 54 years
2009-06-01,6,1,2009,4.8,45 to 54 years
2009-07-01,7,1,2009,5.1,45 to 54 years
2009-08-01,8,1,2009,5.2,45 to 54 years
2009-09-01,9,1,2009,4.5,45 to 54 years
2009-10-01,10,1,2009,3.7,45 to 54 years
2009-11-01,11,1,2009,4.5,45 to 54 years
2009-12-01,12,1,2009,4.3,45 to 54 years
2010-01-01,1,1,2010,4.8,45 to 54 years
2010-02-01,2,1,2010,3.9,45 to 54 years
2010-03-01,3,1,2010,3.2,45 to 54 years
2010-04-01,4,1,2010,2.9,45 to 54 years
2010-05-01,5,1,2010,2.4,45 to 54 years
2010-06-01,6,1,2010,3.4,45 to 54 years
2010-07-01,7,1,2010,4.1,45 to 54 years
2010-08-01,8,1,2010,4.5,45 to 54 years
2010-09-01,9,1,2010,4.2,45 to 54 years
2010-10-01,10,1,2010,4.3,45 to 54 years
2010-11-01,11,1,2010,3.7,45 to 54 years
2010-12-01,12,1,2010,3.2,45 to 54 years
2011-01-01,1,1,2011,3.3,45 to 54 years
2011-02-01,2,1,2011,2.8,45 to 54 years
2011-03-01,3,1,2011,3.1,45 to 54 years
2011-04-01,4,1,2011,2.8,45 to 54 years
2011-05-01,5,1,2011,4.1,45 to 54 years
2011-06-01,6,1,2011,3.6,45 to 54 years
2011-07-01,7,1,2011,4.0,45 to 54 years
2011-08-01,8,1,2011,4.0,45 to 54 years
2011-09-01,9,1,2011,3.2,45 to 54 years
2011-10-01,10,1,2011,3.2,45 to 54 years
2011-11-01,11,1,2011,3.7,45 to 54 years
2011-12-01,12,1,2011,3.1,45 to 54 years
2012-01-01,1,1,2012,4.4,45 to 54 years
2012-02-01,2,1,2012,3.9,45 to 54 years
2012-03-01,3,1,2012,3.5,45 to 54 years
2012-04-01,4,1,2012,3.7,45 to 54 years
2012-05-01,5,1,2012,2.8,45 to 54 years
2012-06-01,6,1,2012,4.3,45 to 54 years
2012-07-01,7,1,2012,3.9,45 to 54 years
2012-08-01,8,1,2012,4.0,45 to 54 years
2012-09-01,9,1,2012,3.6,45 to 54 years
2012-10-01,10,1,2012,3.4,45 to 54 years
2012-11-01,11,1,2012,3.2,45 to 54 years
2012-12-01,12,1,2012,3.1,45 to 54 years
2013-01-01,1,1,2013,3.1,45 to 54 years
2013-02-01,2,1,2013,3.0,45 to 54 years
2013-03-01,3,1,2013,3.3,45 to 54 years
2013-04-01,4,1,2013,3.0,45 to 54 years
2013-05-01,5,1,2013,4.2,45 to 54 years
2013-06-01,6,1,2013,4.6,45 to 54 years
2013-07-01,7,1,2013,4.3,45 to 54 years
2013-08-01,8,1,2013,3.8,45 to 54 years
2013-09-01,9,1,2013,3.7,45 to 54 years
2013-10-01,10,1,2013,3.5,45 to 54 years
2013-11-01,11,1,2013,3.0,45 to 54 years
2013-12-01,12,1,2013,3.1,45 to 54 years
2014-01-01,1,1,2014,3.5,45 to 54 years
2014-02-01,2,1,2014,3.2,45 to 54 years
2014-03-01,3,1,2014,3.4,45 to 54 years
2014-04-01,4,1,2014,2.2,45 to 54 years
2014-05-01,5,1,2014,2.9,45 to 54 years
2014-06-01,6,1,2014,2.8,45 to 54 years
2014-07-01,7,1,2014,2.7,45 to 54 years
2014-08-01,8,1,2014,2.4,45 to 54 years
2014-09-01,9,1,2014,2.6,45 to 54 years
2014-10-01,10,1,2014,2.4,45 to 54 years
2014-11-01,11,1,2014,2.5,45 to 54 years
2014-12-01,12,1,2014,2.8,45 to 54 years
2015-01-01,1,1,2015,2.5,45 to 54 years
2015-02-01,2,1,2015,2.5,45 to 54 years
2015-03-01,3,1,2015,2.0,45 to 54 years
2015-04-01,4,1,2015,2.1,45 to 54 years
2015-05-01,5,1,2015,1.6,45 to 54 years
2015-06-01,6,1,2015,1.8,45 to 54 years
2015-07-01,7,1,2015,3.1,45 to 54 years
2015-08-01,8,1,2015,2.9,45 to 54 years
2015-09-01,9,1,2015,1.4,45 to 54 years
2015-10-01,10,1,2015,1.2,45 to 54 years
2015-11-01,11,1,2015,1.9,45 to 54 years
2015-12-01,12,1,2015,1.6,45 to 54 years
2016-01-01,1,1,2016,1.8,45 to 54 years
2016-02-01,2,1,2016,2.1,45 to 54 years
2016-03-01,3,1,2016,2.0,45 to 54 years
2016-04-01,4,1,2016,1.9,45 to 54 years
2016-05-01,5,1,2016,1.1,45 to 54 years
2016-06-01,6,1,2016,2.0,45 to 54 years
2016-07-01,7,1,2016,2.7,45 to 54 years
2016-08-01,8,1,2016,2.1,45 to 54 years
2016-09-01,9,1,2016,1.8,45 to 54 years
2016-10-01,10,1,2016,1.8,45 to 54 years
2016-11-01,11,1,2016,1.5,45 to 54 years
2016-12-01,12,1,2016,1.5,45 to 54 years
2017-01-01,1,1,2017,1.6,45 to 54 years
2017-02-01,2,1,2017,2.0,45 to 54 years
2017-03-01,3,1,2017,2.2,45 to 54 years
2017-04-01,4,1,2017,1.6,45 to 54 years
2017-05-01,5,1,2017,1.5,45 to 54 years
2017-06-01,6,1,2017,3.0,45 to 54 years
2017-07-01,7,1,2017,2.5,45 to 54 years
2017-08-01,8,1,2017,3.3,45 to 54 years
2017-09-01,9,1,2017,1.4,45 to 54 years
2017-10-01,10,1,2017,1.0,45 to 54 years
2017-11-01,11,1,2017,1.5,45 to 54 years
2017-12-01,12,1,2017,1.7,45 to 54 years
2018-01-01,1,1,2018,2.5,45 to 54 years
2018-02-01,2,1,2018,1.9,45 to 54 years
2018-03-01,3,1,2018,1.7,45 to 54 years
2018-04-01,4,1,2018,1.3,45 to 54 years
2018-05-01,5,1,2018,1.2,45 to 54 years
2018-06-01,6,1,2018,2.1,45 to 54 years
2018-07-01,7,1,2018,2.5,45 to 54 years
2018-08-01,8,1,2018,2.1,45 to 54 years
2018-09-01,9,1,2018,2.4,45 to 54 years
2018-10-01,10,1,2018,2.1,45 to 54 years
2018-11-01,11,1,2018,2.5,45 to 54 years
2018-12-01,12,1,2018,2.4,45 to 54 years
2019-01-01,1,1,2019,2.0,45 to 54 years
2019-02-01,2,1,2019,1.8,45 to 54 years
2019-03-01,3,1,2019,1.6,45 to 54 years
2019-04-01,4,1,2019,1.4,45 to 54 years
2019-05-01,5,1,2019,1.8,45 to 54 years
2019-06-01,6,1,2019,1.8,45 to 54 years
2019-07-01,7,1,2019,2.1,45 to 54 years
2019-08-01,8,1,2019,1.6,45 to 54 years
2019-09-01,9,1,2019,1.4,45 to 54 years
2019-10-01,10,1,2019,2.0,45 to 54 years
2019-11-01,11,1,2019,1.8,45 to 54 years
2019-12-01,12,1,2019,2.1,45 to 54 years
2020-01-01,1,1,2020,1.6,45 to 54 years
2020-02-01,2,1,2020,1.5,45 to 54 years
2020-03-01,3,1,2020,2.1,45 to 54 years
2020-04-01,4,1,2020,6.6,45 to 54 years
2020-05-01,5,1,2020,5.0,45 to 54 years
2020-06-01,6,1,2020,4.2,45 to 54 years
2020-07-01,7,1,2020,5.9,45 to 54 years
2020-08-01,8,1,2020,4.7,45 to 54 years
2020-09-01,9,1,2020,3.7,45 to 54 years
2020-10-01,10,1,2020,3.4,45 to 54 years
2020-11-01,11,1,2020,3.1,45 to 54 years
2020-12-01,12,1,2020,2.7,45 to 54 years
2021-01-01,1,1,2021,3.2,45 to 54 years
2021-02-01,2,1,2021,3.0,45 to 54 years
2021-03-01,3,1,2021,2.8,45 to 54 years
2021-04-01,4,1,2021,2.2,45 to 54 years
2021-05-01,5,1,2021,2.2,45 to 54 years
2021-06-01,6,1,2021,2.6,45 to 54 years
2021-07-01,7,1,2021,2.4,45 to 54 years
2021-08-01,8,1,2021,2.7,45 to 54 years
2021-09-01,9,1,2021,2.8,45 to 54 years
2021-10-01,10,1,2021,2.3,45 to 54 years
2021-11-01,11,1,2021,1.4,45 to 54 years
2022-02-01,2,1,2022,1.7,45 to 54 years
2022-03-01,3,1,2022,1.2,45 to 54 years
2022-04-01,4,1,2022,0.9,45 to 54 years
2022-05-01,5,1,2022,1.1,45 to 54 years
2022-06-01,6,1,2022,1.3,45 to 54 years
2022-07-01,7,1,2022,2.5,45 to 54 years
2022-08-01,8,1,2022,1.7,45 to 54 years
2022-09-01,9,1,2022,0.9,45 to 54 years
2022-10-01,10,1,2022,1.5,45 to 54 years
2022-11-01,11,1,2022,1.9,45 to 54 years
2022-12-01,12,1,2022,1.1,45 to 54 years
2023-01-01,1,1,2023,1.2,45 to 54 years
2023-02-01,2,1,2023,2.1,45 to 54 years
2023-03-01,3,1,2023,1.7,45 to 54 years
2023-04-01,4,1,2023,1.6,45 to 54 years
2023-05-01,5,1,2023,2.3,45 to 54 years
2023-06-01,6,1,2023,2.0,45 to 54 years
2023-07-01,7,1,2023,3.1,45 to 54 years
2023-08-01,8,1,2023,2.5,45 to 54 years
2023-09-01,9,1,2023,2.0,45 to 54 years
2023-10-01,10,1,2023,1.4,45 to 54 years
2023-11-01,11,1,2023,1.9,45 to 54 years
2023-12-01,12,1,2023,2.2,45 to 54 years
2024-01-01,1,1,2024,2.4,45 to 54 years
2024-02-01,2,1,2024,1.7,45 to 54 years
2024-03-01,3,1,2024,2.6,45 to 54 years
2024-04-01,4,1,2024,1.7,45 to 54 years
2024-05-01,5,1,2024,1.2,45 to 54 years
2024-06-01,6,1,2024,1.7,45 to 54 years
2024-07-01,7,1,2024,2.1,45 to 54 years
2024-08-01,8,1,2024,2.4,45 to 54 years
2024-09-01,9,1,2024,1.5,45 to 54 years
2024-10-01,10,1,2024,1.5,45 to 54 years
2024-11-01,11,1,2024,1.5,45 to 54 years
2024-12-01,12,1,2024,1.3,45 to 54 years
2025-01-01,1,1,2025,2.4,45 to 54 years
2025-02-01,2,1,2025,3.1,45 to 54 years
2025-03-01,3,1,2025,2.9,45 to 54 years
2025-04-01,4,1,2025,2.4,45 to 54 years
2025-05-01,5,1,2025,2.0,45 to 54 years
2025-06-01,6,1,2025,2.0,45 to 54 years
2025-07-01,7,1,2025,2.6,45 to 54 years
2025-08-01,8,1,2025,2.2,45 to 54 years
2025-09-01,9,1,2025,1.9,45 to 54 years
2025-11-01,11,1,2025,2.6,45 to 54 years
2025-12-01,12,1,2025,2.2,45 to 54 years
2026-01-01,1,1,2026,2.6,45 to 54 years
2000-01-01,1,1,2000,1.6,55 to 64 years
2000-02-01,2,1,2000,1.1,55 to 64 years
2000-03-01,3,1,2000,1.5,55 to 64 years
2000-04-01,4,1,2000,1.2,55 to 64 years
2000-05-01,5,1,2000,2.0,55 to 64 years
2000-06-01,6,1,2000,1.2,55 to 64 years
2000-07-01,7,1,2000,2.5,55 to 64 years
2000-08-01,8,1,2000,2.9,55 to 64 years
2000-09-01,9,1,2000,3.1,55 to 64 years
2000-10-01,10,1,2000,1.8,55 to 64 years
2000-11-01,11,1,2000,1.5,55 to 64 years
2000-12-01,12,1,2000,1.6,55 to 64 years
2001-01-01,1,1,2001,1.7,55 to 64 years
2001-02-01,2,1,2001,1.2,55 to 64 years
2001-03-01,3,1,2001,2.2,55 to 64 years
2001-04-01,4,1,2001,1.8,55 to 64 years
2001-05-01,5,1,2001,1.6,55 to 64 years
2001-06-01,6,1,2001,1.6,55 to 64 years
2001-07-01,7,1,2001,1.9,55 to 64 years
2001-08-01,8,1,2001,1.8,55 to 64 years
2001-09-01,9,1,2001,2.4,55 to 64 years
2001-10-01,10,1,2001,3.7,55 to 64 years
2001-11-01,11,1,2001,2.3,55 to 64 years
2001-12-01,12,1,2001,2.5,55 to 64 years
2002-01-01,1,1,2002,2.5,55 to 64 years
2002-02-01,2,1,2002,2.6,55 to 64 years
2002-03-01,3,1,2002,2.4,55 to 64 years
2002-04-01,4,1,2002,3.2,55 to 64 years
2002-05-01,5,1,2002,3.8,55 to 64 years
2002-06-01,6,1,2002,3.1,55 to 64 years
2002-07-01,7,1,2002,3.7,55 to 64 years
2002-08-01,8,1,2002,3.9,55 to 64 years
2002-09-01,9,1,2002,2.4,55 to 64 years
2002-10-01,10,1,2002,1.8,55 to 64 years
2002-11-01,11,1,2002,2.8,55 to 64 years
2002-12-01,12,1,2002,3.0,55 to 64 years
2003-01-01,1,1,2003,3.3,55 to 64 years
2003-02-01,2,1,2003,2.6,55 to 64 years
2003-03-01,3,1,2003,2.8,55 to 64 years
2003-04-01,4,1,2003,4.1,55 to 64 years
2003-05-01,5,1,2003,2.9,55 to 64 years
2003-06-01,6,1,2003,5.4,55 to 64 years
2003-07-01,7,1,2003,5.0,55 to 64 years
2003-08-01,8,1,2003,4.1,55 to 64 years
2003-09-01,9,1,2003,3.1,55 to 64 years
2003-10-01,10,1,2003,2.2,55 to 64 years
2003-11-01,11,1,2003,2.2,55 to 64 years
2003-12-01,12,1,2003,2.8,55 to 64 years
2004-01-01,1,1,2004,2.8,55 to 64 years
2004-02-01,2,1,2004,3.8,55 to 64 years
2004-03-01,3,1,2004,2.6,55 to 64 years
2004-04-01,4,1,2004,3.1,55 to 64 years
2004-05-01,5,1,2004,3.9,55 to 64 years
2004-06-01,6,1,2004,3.2,55 to 64 years
2004-07-01,7,1,2004,2.9,55 to 64 years
2004-08-01,8,1,2004,3.5,55 to 64 years
2004-09-01,9,1,2004,2.9,55 to 64 years
2004-10-01,10,1,2004,2.2,55 to 64 years
2004-11-01,11,1,2004,2.9,55 to 64 years
2004-12-01,12,1,2004,3.1,55 to 64 years
2005-01-01,1,1,2005,2.3,55 to 64 years
2005-02-01,2,1,2005,1.9,55 to 64 years
2005-03-01,3,1,2005,1.8,55 to 64 years
2005-04-01,4,1,2005,1.4,55 to 64 years
2005-05-01,5,1,2005,0.9,55 to 64 years
2005-06-01,6,1,2005,1.6,55 to 64 years
2005-07-01,7,1,2005,2.1,55 to 64 years
2005-08-01,8,1,2005,3.4,55 to 64 years
2005-09-01,9,1,2005,2.2,55 to 64 years
2005-10-01,10,1,2005,2.5,55 to 64 years
2005-11-01,11,1,2005,2.3,55 to 64 years
2005-12-01,12,1,2005,2.5,55 to 64 years
2006-01-01,1,1,2006,3.1,55 to 64 years
2006-02-01,2,1,2006,2.0,55 to 64 years
2006-03-01,3,1,2006,1.3,55 to 64 years
2006-04-01,4,1,2006,2.3,55 to 64 years
2006-05-01,5,1,2006,2.7,55 to 64 years
2006-06-01,6,1,2006,2.4,55 to 64 years
2006-07-01,7,1,2006,2.4,55 to 64 years
2006-08-01,8,1,2006,2.6,55 to 64 years
2006-09-01,9,1,2006,2.7,55 to 64 years
2006-10-01,10,1,2006,2.7,55 to 64 years
2006-11-01,11,1,2006,2.1,55 to 64 years
2006-12-01,12,1,2006,2.0,55 to 64 years
2007-01-01,1,1,2007,2.1,55 to 64 years
2007-02-01,2,1,2007,1.7,55 to 64 years
2007-03-01,3,1,2007,2.2,55 to 64 years
2007-04-01,4,1,2007,1.8,55 to 64 years
2007-05-01,5,1,2007,3.0,55 to 64 years
2007-06-01,6,1,2007,2.7,55 to 64 years
2007-07-01,7,1,2007,2.3,55 to 64 years
2007-08-01,8,1,2007,3.4,55 to 64 years
2007-09-01,9,1,2007,2.6,55 to 64 years
2007-10-01,10,1,2007,2.2,55 to 64 years
2007-11-01,11,1,2007,1.5,55 to 64 years
2007-12-01,12,1,2007,1.8,55 to 64 years
2008-01-01,1,1,2008,1.6,55 to 64 years
2008-02-01,2,1,2008,1.9,55 to 64 years
2008-03-01,3,1,2008,1.6,55 to 64 years
2008-04-01,4,1,2008,1.3,55 to 64 years
2008-05-01,5,1,2008,2.3,55 to 64 years
2008-06-01,6,1,2008,2.7,55 to 64 years
2008-07-01,7,1,2008,3.3,55 to 64 years
2008-08-01,8,1,2008,3.3,55 to 64 years
2008-09-01,9,1,2008,2.7,55 to 64 years
2008-10-01,10,1,2008,3.6,55 to 64 years
2008-11-01,11,1,2008,3.9,55 to 64 years
2008-12-01,12,1,2008,4.2,55 to 64 years
2009-01-01,1,1,2009,4.1,55 to 64 years
2009-02-01,2,1,2009,3.3,55 to 64 years
2009-03-01,3,1,2009,3.4,55 to 64 years
2009-04-01,4,1,2009,3.7,55 to 64 years
2009-05-01,5,1,2009,2.3,55 to 64 years
2009-06-01,6,1,2009,3.4,55 to 64 years
2009-07-01,7,1,2009,5.6,55 to 64 years
2009-08-01,8,1,2009,4.9,55 to 64 years
2009-09-01,9,1,2009,4.1,55 to 64 years
2009-10-01,10,1,2009,4.2,55 to 64 years
2009-11-01,11,1,2009,4.8,55 to 64 years
2009-12-01,12,1,2009,3.8,55 to 64 years
2010-01-01,1,1,2010,3.9,55 to 64 years
2010-02-01,2,1,2010,4.9,55 to 64 years
2010-03-01,3,1,2010,4.8,55 to 64 years
2010-04-01,4,1,2010,4.1,55 to 64 years
2010-05-01,5,1,2010,3.7,55 to 64 years
2010-06-01,6,1,2010,4.7,55 to 64 years
2010-07-01,7,1,2010,4.9,55 to 64 years
2010-08-01,8,1,2010,5.0,55 to 64 years
2010-09-01,9,1,2010,5.2,55 to 64 years
2010-10-01,10,1,2010,4.3,55 to 64 years
2010-11-01,11,1,2010,4.5,55 to 64 years
2010-12-01,12,1,2010,4.0,55 to 64 years
2011-01-01,1,1,2011,4.4,55 to 64 years
2011-02-01,2,1,2011,2.7,55 to 64 years
2011-03-01,3,1,2011,3.7,55 to 64 years
2011-04-01,4,1,2011,3.3,55 to 64 years
2011-05-01,5,1,2011,4.3,55 to 64 years
2011-06-01,6,1,2011,4.9,55 to 64 years
2011-07-01,7,1,2011,3.9,55 to 64 years
2011-08-01,8,1,2011,3.6,55 to 64 years
2011-09-01,9,1,2011,3.8,55 to 64 years
2011-10-01,10,1,2011,4.2,55 to 64 years
2011-11-01,11,1,2011,3.6,55 to 64 years
2011-12-01,12,1,2011,4.0,55 to 64 years
2012-01-01,1,1,2012,4.4,55 to 64 years
2012-02-01,2,1,2012,3.7,55 to 64 years
2012-03-01,3,1,2012,4.6,55 to 64 years
2012-04-01,4,1,2012,3.5,55 to 64 years
2012-05-01,5,1,2012,3.5,55 to 64 years
2012-06-01,6,1,2012,3.7,55 to 64 years
2012-07-01,7,1,2012,5.0,55 to 64 years
2012-08-01,8,1,2012,3.9,55 to 64 years
2012-09-01,9,1,2012,3.4,55 to 64 years
2012-10-01,10,1,2012,3.5,55 to 64 years
2012-11-01,11,1,2012,4.2,55 to 64 years
2012-12-01,12,1,2012,3.6,55 to 64 years
2013-01-01,1,1,2013,4.4,55 to 64 years
2013-02-01,2,1,2013,5.3,55 to 64 years
2013-03-01,3,1,2013,4.4,55 to 64 years
2013-04-01,4,1,2013,3.3,55 to 64 years
2013-05-01,5,1,2013,3.4,55 to 64 years
2013-06-01,6,1,2013,4.0,55 to 64 years
2013-07-01,7,1,2013,4.4,55 to 64 years
2013-08-01,8,1,2013,4.0,55 to 64 years
2013-09-01,9,1,2013,4.1,55 to 64 years
2013-10-01,10,1,2013,5.1,55 to 64 years
2013-11-01,11,1,2013,4.9,55 to 64 years
2013-12-01,12,1,2013,4.3,55 to 64 years
2014-01-01,1,1,2014,4.0,55 to 64 years
2014-02-01,2,1,2014,3.5,55 to 64 years
2014-03-01,3,1,2014,3.0,55 to 64 years
2014-04-01,4,1,2014,2.9,55 to 64 years
2014-05-01,5,1,2014,2.9,55 to 64 years
2014-06-01,6,1,2014,3.9,55 to 64 years
2014-07-01,7,1,2014,3.9,55 to 64 years
2014-08-01,8,1,2014,3.7,55 to 64 years
2014-09-01,9,1,2014,2.7,55 to 64 years
2014-10-01,10,1,2014,2.6,55 to 64 years
2014-11-01,11,1,2014,3.3,55 to 64 years
2014-12-01,12,1,2014,3.3,55 to 64 years
2015-01-01,1,1,2015,3.8,55 to 64 years
2015-02-01,2,1,2015,3.6,55 to 64 years
2015-03-01,3,1,2015,2.1,55 to 64 years
2015-04-01,4,1,2015,2.8,55 to 64 years
2015-05-01,5,1,2015,2.5,55 to 64 years
2015-06-01,6,1,2015,3.1,55 to 64 years
2015-07-01,7,1,2015,3.4,55 to 64 years
2015-08-01,8,1,2015,2.5,55 to 64 years
2015-09-01,9,1,2015,2.4,55 to 64 years
2015-10-01,10,1,2015,2.7,55 to 64 years
2015-11-01,11,1,2015,3.2,55 to 64 years
2015-12-01,12,1,2015,2.5,55 to 64 years
2016-01-01,1,1,2016,3.7,55 to 64 years
2016-02-01,2,1,2016,3.3,55 to 64 years
2016-03-01,3,1,2016,4.2,55 to 64 years
2016-04-01,4,1,2016,2.6,55 to 64 years
2016-05-01,5,1,2016,2.4,55 to 64 years
2016-06-01,6,1,2016,2.8,55 to 64 years
2016-07-01,7,1,2016,3.4,55 to 64 years
2016-08-01,8,1,2016,2.3,55 to 64 years
2016-09-01,9,1,2016,3.4,55 to 64 years
2016-10-01,10,1,2016,2.1,55 to 64 years
2016-11-01,11,1,2016,2.1,55 to 64 years
2016-12-01,12,1,2016,2.4,55 to 64 years
2017-01-01,1,1,2017,3.4,55 to 64 years
2017-02-01,2,1,2017,2.4,55 to 64 years
2017-03-01,3,1,2017,2.6,55 to 64 years
2017-04-01,4,1,2017,2.5,55 to 64 years
2017-05-01,5,1,2017,3.3,55 to 64 years
2017-06-01,6,1,2017,3.2,55 to 64 years
2017-07-01,7,1,2017,3.9,55 to 64 years
2017-08-01,8,1,2017,3.8,55 to 64 years
2017-09-01,9,1,2017,3.0,55 to 64 years
2017-10-01,10,1,2017,2.8,55 to 64 years
2017-11-01,11,1,2017,2.4,55 to 64 years
2017-12-01,12,1,2017,2.1,55 to 64 years
2018-01-01,1,1,2018,2.8,55 to 64 years
2018-02-01,2,1,2018,2.7,55 to 64 years
2018-03-01,3,1,2018,2.1,55 to 64 years
2018-04-01,4,1,2018,1.9,55 to 64 years
2018-05-01,5,1,2018,2.0,55 to 64 years
2018-06-01,6,1,2018,3.6,55 to 64 years
2018-07-01,7,1,2018,3.8,55 to 64 years
2018-08-01,8,1,2018,3.5,55 to 64 years
2018-09-01,9,1,2018,2.5,55 to 64 years
2018-10-01,10,1,2018,1.9,55 to 64 years
2018-11-01,11,1,2018,2.4,55 to 64 years
2018-12-01,12,1,2018,2.3,55 to 64 years
2019-01-01,1,1,2019,2.5,55 to 64 years
2019-02-01,2,1,2019,2.1,55 to 64 years
2019-03-01,3,1,2019,1.8,55 to 64 years
2019-04-01,4,1,2019,1.7,55 to 64 years
2019-05-01,5,1,2019,2.1,55 to 64 years
2019-06-01,6,1,2019,4.0,55 to 64 years
2019-07-01,7,1,2019,5.0,55 to 64 years
2019-08-01,8,1,2019,3.5,55 to 64 years
2019-09-01,9,1,2019,2.3,55 to 64 years
2019-10-01,10,1,2019,2.6,55 to 64 years
2019-11-01,11,1,2019,2.2,55 to 64 years
2019-12-01,12,1,2019,1.2,55 to 64 years
2020-01-01,1,1,2020,2.4,55 to 64 years
2020-02-01,2,1,2020,1.5,55 to 64 years
2020-03-01,3,1,2020,2.6,55 to 64 years
2020-04-01,4,1,2020,8.7,55 to 64 years
2020-05-01,5,1,2020,7.0,55 to 64 years
2020-06-01,6,1,2020,7.2,55 to 64 years
2020-07-01,7,1,2020,6.4,55 to 64 years
2020-08-01,8,1,2020,3.7,55 to 64 years
2020-09-01,9,1,2020,3.7,55 to 64 years
2020-10-01,10,1,2020,3.5,55 to 64 years
2020-11-01,11,1,2020,4.3,55 to 64 years
2020-12-01,12,1,2020,4.1,55 to 64 years
2021-01-01,1,1,2021,5.4,55 to 64 years
2021-02-01,2,1,2021,5.5,55 to 64 years
2021-03-01,3,1,2021,4.2,55 to 64 years
2021-04-01,4,1,2021,3.8,55 to 64 years
2021-05-01,5,1,2021,2.9,55 to 64 years
2021-06-01,6,1,2021,3.7,55 to 64 years
2021-07-01,7,1,2021,2.9,55 to 64 years
2021-08-01,8,1,2021,2.5,55 to 64 years
2021-09-01,9,1,2021,2.3,55 to 64 years
2021-10-01,10,1,2021,2.2,55 to 64 years
2021-11-01,11,1,2021,2.0,55 to 64 years
2022-02-01,2,1,2022,3.0,55 to 64 years
2022-03-01,3,1,2022,2.5,55 to 64 years
2022-04-01,4,1,2022,2.2,55 to 64 years
2022-05-01,5,1,2022,2.4,55 to 64 years
2022-06-01,6,1,2022,2.4,55 to 64 years
2022-07-01,7,1,2022,2.2,55 to 64 years
2022-08-01,8,1,2022,2.9,55 to 64 years
2022-09-01,9,1,2022,1.4,55 to 64 years
2022-10-01,10,1,2022,1.9,55 to 64 years
2022-11-01,11,1,2022,2.2,55 to 64 years
2022-12-01,12,1,2022,1.4,55 to 64 years
2023-01-01,1,1,2023,1.0,55 to 64 years
2023-02-01,2,1,2023,1.6,55 to 64 years
2023-03-01,3,1,2023,1.9,55 to 64 years
2023-04-01,4,1,2023,1.5,55 to 64 years
2023-05-01,5,1,2023,1.8,55 to 64 years
2023-06-01,6,1,2023,2.0,55 to 64 years
2023-07-01,7,1,2023,2.4,55 to 64 years
2023-08-01,8,1,2023,3.3,55 to 64 years
2023-09-01,9,1,2023,2.8,55 to 64 years
2023-10-01,10,1,2023,2.9,55 to 64 years
2023-11-01,11,1,2023,2.2,55 to 64 years
2023-12-01,12,1,2023,1.5,55 to 64 years
2024-01-01,1,1,2024,2.2,55 to 64 years
2024-02-01,2,1,2024,2.0,55 to 64 years
2024-03-01,3,1,2024,1.7,55 to 64 years
2024-04-01,4,1,2024,2.6,55 to 64 years
2024-05-01,5,1,2024,3.2,55 to 64 years
2024-06-01,6,1,2024,3.1,55 to 64 years
2024-07-01,7,1,2024,3.4,55 to 64 years
2024-08-01,8,1,2024,3.3,55 to 64 years
2024-09-01,9,1,2024,2.5,55 to 64 years
2024-10-01,10,1,2024,2.2,55 to 64 years
2024-11-01,11,1,2024,2.3,55 to 64 years
2024-12-01,12,1,2024,2.4,55 to 64 years
2025-01-01,1,1,2025,1.6,55 to 64 years
2025-02-01,2,1,2025,1.9,55 to 64 years
2025-03-01,3,1,2025,3.3,55 to 64 years
2025-04-01,4,1,2025,2.7,55 to 64 years
2025-05-01,5,1,2025,4.2,55 to 64 years
2025-06-01,6,1,2025,3.3,55 to 64 years
2025-07-01,7,1,2025,3.7,55 to 64 years
2025-08-01,8,1,2025,3.0,55 to 64 years
2025-09-01,9,1,2025,3.2,55 to 64 years
2025-11-01,11,1,2025,2.7,55 to 64 years
2025-12-01,12,1,2025,2.3,55 to 64 years
2026-01-01,1,1,2026,2.8,55 to 64 years
