YEAR,STATE,EMP,INDGROUP,INDLEVEL,JOB_CREATION,JOB_CREATION_BIRTHS,JOB_CREATION_CONTINUERS,JOB_CREATION_RATE,JOB_CREATION_BIRTHS.1,JOB_DESTRUCTION,JOB_DESTRUCTION_DEATHS,JOB_DESTRUCTION_CONTINUERS,JOB_DESTRUCTION_RATE,JOB_DESTRUCTION_RATE_DEATHS,METRO,NET_JOB_CREATION,NET_JOB_CREATION_RATE,NET_JOB_CREATION_RATE.1,REALLOCATION_RATE,state
2015,56,220369,,2,29199,9640,19559,13.291,9640,27869,7906,19963,12.686,3.599,A,1330,0.605,0.605,25.372,56
2015,9,1498026,,2,176554,58177,118377,11.866,58177,156864,45579,111285,10.542,3.063,A,19690,1.323,1.323,21.084,9
2015,46,353352,,2,37030,11562,25468,10.569,11562,31183,9798,21385,8.9,2.796,A,5847,1.669,1.669,17.8,46
2015,36,7952113,,2,1030162,348243,681919,13.074,348243,885243,292606,592637,11.235,3.713,A,144919,1.839,1.839,22.469,36
2015,35,626222,,2,77722,27541,50181,12.528,27541,65983,19867,46116,10.636,3.202,A,11739,1.892,1.892,21.272,35
2015,47,2509963,,2,310515,101150,209365,12.511,101150,254475,79301,175174,10.253,3.195,A,56040,2.258,2.258,20.506,47
2015,48,10248125,,2,1503865,518866,984999,14.904,518866,1188836,388802,800034,11.782,3.853,A,315029,3.122,3.122,23.564,48
2015,34,3542291,,2,472027,164758,307269,13.415,164758,422708,144772,277936,12.014,4.114,A,49319,1.402,1.402,24.027,34
2015,33,577125,,2,65830,18905,46925,11.553,18905,51350,14262,37088,9.011,2.503,A,14480,2.541,2.541,18.023,33
2015,8,2194516,,2,333311,113228,220083,15.499,113228,245497,87786,157711,11.416,4.082,A,87814,4.083,4.083,22.831,8
2015,32,1125003,,2,165994,67467,98527,15.011,67467,126651,39753,86898,11.453,3.595,A,39343,3.558,3.558,22.906,32
2015,6,14071898,,2,2026439,686989,1339450,14.645,686989,1554879,539599,1015280,11.237,3.9,A,471560,3.408,3.408,22.474,6
2015,23,499517,,2,58176,17905,40271,11.746,17905,49446,17044,32402,9.983,3.441,A,8730,1.763,1.763,19.966,23
2015,5,998214,,2,120146,39423,80723,12.114,39423,107710,36133,71577,10.86,3.643,A,12436,1.254,1.254,21.721,5
2015,49,1198487,,2,182734,60393,122341,15.594,60393,128999,40297,88702,11.008,3.439,A,53735,4.586,4.586,22.017,49
2015,24,2225627,,2,268862,91084,177778,12.151,91084,242071,76779,165292,10.94,3.47,A,26791,1.211,1.211,21.88,24
2015,22,1714390,,2,225418,75299,150119,13.2,75299,214320,55603,158717,12.55,3.256,A,11098,0.65,0.65,25.1,22
2015,50,265949,,2,28246,8229,20017,10.73,8229,22723,6269,16454,8.632,2.381,A,5523,2.098,2.098,17.263,50
2015,10,391678,,2,52655,16342,36313,13.554,16342,45943,14876,31067,11.826,3.829,A,6712,1.728,1.728,23.653,10
2015,11,508079,,2,73887,27147,46740,14.763,27147,57855,17825,40030,11.56,3.561,A,16032,3.203,3.203,23.119,11
2015,40,1366644,,2,173101,59810,113291,12.73,59810,160680,54713,105967,11.817,4.024,A,12421,0.913,0.913,23.633,40
2015,17,5358132,,2,710532,204002,506530,13.396,204002,602305,218269,384036,11.355,4.115,A,108227,2.04,2.04,22.711,17
2015,18,2670537,,2,330885,99946,230939,12.552,99946,260922,70424,190498,9.898,2.672,A,69963,2.654,2.654,19.796,18
2015,41,1492278,,2,202309,62926,139383,13.818,62926,146020,47449,98571,9.973,3.241,A,56289,3.845,3.845,19.947,41
2015,39,4685950,,2,559934,170721,389213,12.04,170721,489333,141928,347405,10.522,3.052,A,70601,1.518,1.518,21.043,39
2015,15,523961,,2,55133,17001,38132,10.565,17001,51420,16824,34596,9.853,3.224,A,3713,0.711,0.711,19.706,15
2015,13,3651704,,2,528544,179769,348775,14.738,179769,398035,138911,259124,11.098,3.873,A,130509,3.639,3.639,22.197,13
2015,38,363493,,2,46374,17568,28806,12.857,17568,40884,10443,30441,11.335,2.895,A,5490,1.522,1.522,22.67,38
2015,12,7700573,,2,1167509,408056,759453,15.486,408056,842472,328901,513571,11.174,4.362,A,325037,4.311,4.311,22.349,12
2015,42,5290142,,2,607612,207093,400519,11.545,207093,552103,173086,379017,10.49,3.289,A,55509,1.055,1.055,20.981,42
2015,37,3557844,,2,462884,152543,310341,13.224,152543,348782,116911,231871,9.964,3.34,A,114102,3.26,3.26,19.928,37
2015,44,425330,,2,46137,13514,32623,10.923,13514,39847,12060,27787,9.434,2.855,A,6290,1.489,1.489,18.868,44
2015,45,1664696,,2,212947,71774,141173,12.991,71774,162311,51052,111259,9.902,3.115,A,50636,3.089,3.089,19.804,45
2015,19,1336830,,2,143775,42484,101291,10.877,42484,113028,33088,79940,8.551,2.503,A,30747,2.326,2.326,17.102,19
2015,20,1193410,,2,149956,48488,101468,12.642,48488,136192,37379,98813,11.482,3.151,A,13764,1.16,1.16,22.964,20
2015,21,1576810,,2,194604,57877,136727,12.51,57877,152112,45476,106636,9.778,2.923,A,42492,2.731,2.731,19.556,21
2015,25,3169374,,2,373362,114810,258552,11.933,114810,291386,91966,199420,9.313,2.939,A,81976,2.62,2.62,18.626,25
2015,16,549580,,2,73481,23323,50158,13.598,23323,55527,20156,35371,10.276,3.73,A,17954,3.323,3.323,20.551,16
2015,51,3210056,,2,410091,143161,266930,12.893,143161,351584,111862,239722,11.054,3.517,A,58507,1.839,1.839,22.108,51
2015,54,568173,,2,61945,19017,42928,10.835,19017,68362,18421,49941,11.958,3.222,A,-6417,-1.122,-1.122,21.671,54
2015,27,2579486,,2,298713,90232,208481,11.682,90232,254495,71629,182866,9.953,2.801,A,44218,1.729,1.729,19.906,27
2015,55,2490146,,2,274256,77310,196946,11.129,77310,221324,60265,161059,8.981,2.445,A,52932,2.148,2.148,17.962,55
2015,28,921415,,2,109136,38814,70322,11.929,38814,95777,26843,68934,10.469,2.934,A,13359,1.46,1.46,20.938,28
2015,1,1637725,,2,199131,64341,134790,12.299,64341,162466,50950,111516,10.035,3.147,A,36665,2.265,2.265,20.07,1
2015,30,370730,,2,48488,15670,32818,13.243,15670,38764,12347,26417,10.587,3.372,A,9724,2.656,2.656,21.175,30
2015,4,2312534,,2,332213,113405,218808,14.587,113405,262238,91242,170996,11.515,4.006,A,69975,3.073,3.073,23.029,4
2015,2,266548,,2,36225,10318,25907,13.657,10318,33830,9325,24505,12.754,3.515,A,2395,0.903,0.903,25.508,2
2015,53,2554800,,2,346146,115582,230564,13.765,115582,265662,79825,185837,10.564,3.174,A,80484,3.201,3.201,21.129,53
2015,26,3716216,,2,483074,148598,334476,13.216,148598,360197,108109,252088,9.854,2.958,A,122877,3.362,3.362,19.709,26
2015,29,2444161,,2,310920,106165,204755,12.841,106165,265786,87578,178208,10.977,3.617,A,45134,1.864,1.864,21.954,29
2015,31,807256,,2,91470,29594,61876,11.444,29594,75895,22807,53088,9.496,2.854,A,15575,1.949,1.949,18.992,31
2016,46,358833,,2,36024,10992,25032,10.114,10992,30878,7776,23102,8.67,2.183,A,5146,1.445,1.445,17.339,46
2016,13,3772270,,2,501835,169862,331973,13.5,169862,391587,131444,260143,10.534,3.536,A,110248,2.966,2.966,21.069,13
2016,45,1721507,,2,226601,77871,148730,13.377,77871,171673,47823,123850,10.134,2.823,A,54928,3.243,3.243,20.269,45
2016,47,2584982,,2,323450,105080,218370,12.699,105080,247790,70005,177785,9.729,2.749,A,75660,2.971,2.971,19.457,47
2016,22,1697977,,2,197316,71738,125578,11.564,71738,214774,55523,159251,12.587,3.254,A,-17458,-1.023,-1.023,23.128,22
2016,15,529136,,2,58251,18366,39885,11.061,18366,52821,13534,39287,10.03,2.57,A,5430,1.031,1.031,20.06,15
2016,37,3672314,,2,477071,154683,322388,13.196,154683,364754,111582,253172,10.09,3.086,A,112317,3.107,3.107,20.179,37
2016,35,630716,,2,75769,27057,48712,12.054,27057,71697,21706,49991,11.406,3.453,A,4072,0.648,0.648,22.813,35
2016,4,2399844,,2,371685,129390,242295,15.77,129390,286768,106089,180679,12.167,4.501,A,84917,3.603,3.603,24.334,4
2016,21,1604806,,2,189735,56862,132873,11.927,56862,161745,47958,113787,10.167,3.015,A,27990,1.759,1.759,20.335,21
2016,29,2498720,,2,298253,97049,201204,12.069,97049,242645,74622,168023,9.819,3.02,A,55608,2.25,2.25,19.637,29
2016,40,1356442,,2,163999,57619,106380,12.046,57619,174741,46560,128181,12.835,3.42,A,-10742,-0.789,-0.789,24.093,40
2016,41,1546697,,2,197742,61502,136240,13.0,61502,147455,48953,98502,9.694,3.218,A,50287,3.306,3.306,19.388,41
2016,56,208985,,2,23783,9270,14513,11.08,9270,35145,10004,25141,16.373,4.66,A,-11362,-5.293,-5.293,22.159,56
2016,42,5349486,,2,605303,192034,413269,11.376,192034,547183,166124,381059,10.284,3.122,A,58120,1.092,1.092,20.567,42
2016,18,2731824,,2,324365,99552,224813,12.008,99552,263422,67933,195489,9.752,2.515,A,60943,2.256,2.256,19.503,18
2016,54,560979,,2,61264,18695,42569,10.853,18695,68356,18221,50135,12.11,3.228,A,-7092,-1.256,-1.256,21.707,54
2016,17,5412996,,2,654930,212509,442421,12.153,212509,610246,164907,445339,11.323,3.06,A,44684,0.829,0.829,22.647,17
2016,19,1349412,,2,137249,40277,96972,10.221,40277,123800,31437,92363,9.219,2.341,A,13449,1.002,1.002,18.439,19
2016,28,936551,,2,108588,33881,74707,11.685,33881,94208,28001,66207,10.138,3.013,A,14380,1.547,1.547,20.276,28
2016,39,4776186,,2,550629,166431,384198,11.628,166431,469401,130556,338845,9.913,2.757,A,81228,1.715,1.715,19.826,39
2016,20,1191172,,2,132269,46358,85911,11.097,46358,133732,46297,87435,11.22,3.884,A,-1463,-0.123,-0.123,22.194,20
2016,38,345871,,2,34303,12583,21720,9.663,12583,52528,10818,41710,14.798,3.048,A,-18225,-5.134,-5.134,19.327,38
2016,27,2624998,,2,314602,96042,218560,12.095,96042,266355,82202,184153,10.24,3.16,A,48247,1.855,1.855,20.48,27
2016,44,434810,,2,50413,16605,33808,11.722,16605,41134,11408,29726,9.565,2.653,A,9279,2.158,2.158,19.13,44
2016,1,1672674,,2,199540,66054,133486,12.055,66054,163560,50744,112816,9.881,3.066,A,35980,2.174,2.174,19.762,1
2016,12,7946150,,2,1140412,409392,731020,14.565,409392,910916,339154,571762,11.634,4.331,A,229496,2.931,2.931,23.267,12
2016,10,398809,,2,52769,15687,37082,13.352,15687,45411,13182,32229,11.49,3.335,A,7358,1.862,1.862,22.98,10
2016,51,3271683,,2,410594,133966,276628,12.66,133966,353972,101926,252046,10.914,3.143,A,56622,1.746,1.746,21.828,51
2016,26,3808198,,2,461613,139070,322543,12.266,139070,371007,113650,257357,9.859,3.02,A,90606,2.408,2.408,19.717,26
2016,6,14347825,,2,2023790,653251,1370539,14.253,653251,1718753,647888,1070865,12.105,4.563,A,305037,2.148,2.148,24.21,6
2016,5,1021631,,2,123840,41897,81943,12.263,41897,100435,28377,72058,9.945,2.81,A,23405,2.318,2.318,19.891,5
2016,23,510477,,2,56988,19005,37983,11.278,19005,46647,15492,31155,9.232,3.066,A,10341,2.047,2.047,18.463,23
2016,33,594149,,2,66189,19008,47181,11.3,19008,49433,14142,35291,8.439,2.414,A,16756,2.861,2.861,16.879,33
2016,53,2609777,,2,347686,113140,234546,13.544,113140,262923,87636,175287,10.242,3.414,A,84763,3.302,3.302,20.484,53
2016,32,1161034,,2,158665,57482,101183,13.852,57482,128164,46045,82119,11.189,4.02,A,30501,2.663,2.663,22.379,32
2016,31,821682,,2,88747,28153,60594,10.896,28153,74589,22089,52500,9.158,2.712,A,14158,1.738,1.738,18.316,31
2016,8,2253996,,2,319340,117758,201582,14.357,117758,260695,85615,175080,11.72,3.849,A,58645,2.637,2.637,23.44,8
2016,55,2518615,,2,276327,90398,185929,11.033,90398,247886,66351,181535,9.897,2.649,A,28441,1.136,1.136,19.795,55
2016,50,267194,,2,26362,7474,18888,9.885,7474,25427,6821,18606,9.534,2.558,A,935,0.351,0.351,19.068,50
2016,49,1243565,,2,172159,54211,117948,14.093,54211,128405,42830,85575,10.511,3.506,A,43754,3.582,3.582,21.023,49
2016,34,3619935,,2,476120,150621,325499,13.287,150621,401556,134735,266821,11.206,3.76,A,74564,2.081,2.081,22.412,34
2016,48,10443895,,2,1448765,516473,932292,14.003,516473,1254105,359868,894237,12.121,3.478,A,194660,1.881,1.881,24.242,48
2016,25,3230219,,2,369712,107999,261713,11.561,107999,308126,83863,224263,9.635,2.622,A,61586,1.926,1.926,19.27,25
2016,16,564793,,2,75550,23675,51875,13.567,23675,59680,18766,40914,10.717,3.37,A,15870,2.85,2.85,21.435,16
2016,2,265074,,2,34712,12087,22625,13.053,12087,36489,10920,25569,13.722,4.106,A,-1777,-0.668,-0.668,26.107,2
2016,30,374840,,2,44202,15933,28269,11.863,15933,40132,11932,28200,10.771,3.202,A,4070,1.092,1.092,21.541,30
2016,36,8113539,,2,1019570,322961,696609,12.693,322961,858303,308623,549680,10.686,3.842,A,161267,2.008,2.008,21.371,36
2016,11,520729,,2,64956,20230,44726,12.62,20230,52838,12313,40525,10.266,2.392,A,12118,2.354,2.354,20.532,11
2016,24,2273433,,2,270826,84909,185917,12.035,84909,225021,70206,154815,10.0,3.12,A,45805,2.035,2.035,19.999,24
2016,9,1537974,,2,186082,63249,122833,12.259,63249,144727,43432,101295,9.535,2.861,A,41355,2.725,2.725,19.07,9
2017,28,935820,,2,108105,32179,75926,11.572,32179,104258,31359,72899,11.16,3.357,A,3847,0.412,0.412,22.319,28
2017,17,5396149,,2,660962,202303,458659,12.241,202303,667948,240059,427889,12.371,4.446,A,-6986,-0.129,-0.129,24.482,17
2017,29,2519314,,2,323783,102046,221737,12.929,102046,294157,101368,192789,11.746,4.048,A,29626,1.183,1.183,23.492,29
2017,24,2321695,,2,315559,90398,225161,13.74,90398,266588,88967,177621,11.608,3.874,A,48971,2.132,2.132,23.216,24
2017,23,513025,,2,59266,16345,42921,11.594,16345,55823,18495,37328,10.921,3.618,A,3443,0.674,0.674,21.841,23
2017,25,3292806,,2,404422,117123,287299,12.4,117123,340751,112498,228253,10.448,3.449,A,63671,1.952,1.952,20.896,25
2017,19,1353793,,2,152711,40122,112589,11.306,40122,147884,42317,105567,10.949,3.133,A,4827,0.357,0.357,21.898,19
2017,16,578881,,2,80454,26357,54097,14.083,26357,65407,21251,44156,11.449,3.72,A,15047,2.634,2.634,22.898,16
2017,22,1680916,,2,213432,63619,149813,12.643,63619,227582,69089,158493,13.481,4.093,A,-14150,-0.838,-0.838,25.286,22
2017,20,1199637,,2,150212,48904,101308,12.587,48904,137909,46923,90986,11.556,3.932,A,12303,1.031,1.031,23.111,20
2017,31,828401,,2,99036,28759,70277,12.017,28759,90255,31886,58369,10.951,3.869,A,8781,1.065,1.065,21.902,31
2017,30,375761,,2,49001,14354,34647,13.068,14354,46950,15560,31390,12.521,4.15,A,2051,0.547,0.547,25.043,30
2017,38,339617,,2,41378,13011,28367,12.079,13011,47145,14454,32691,13.763,4.219,A,-5767,-1.684,-1.684,24.159,38
2017,35,626099,,2,76187,24395,51792,12.142,24395,78536,25504,53032,12.516,4.065,A,-2349,-0.374,-0.374,24.284,35
2017,32,1191323,,2,170103,54506,115597,14.479,54506,138350,52268,86082,11.776,4.449,A,31753,2.703,2.703,23.552,32
2017,27,2655948,,2,330302,107522,222780,12.518,107522,296377,93763,202614,11.233,3.554,A,33925,1.286,1.286,22.465,27
2017,21,1619285,,2,208464,63776,144688,12.956,63776,189116,67038,122078,11.753,4.166,A,19348,1.202,1.202,23.506,21
2017,26,3859353,,2,480220,129527,350693,12.532,129527,426615,142711,283904,11.133,3.724,A,53605,1.399,1.399,22.267,26
2017,33,603143,,2,69786,20560,49226,11.668,20560,60145,18451,41694,10.056,3.085,A,9641,1.612,1.612,20.112,33
2017,37,3753357,,2,489680,154905,334775,13.189,154905,408755,139802,268953,11.009,3.765,A,80925,2.18,2.18,22.019,37
2017,36,8204580,,2,1077076,333664,743412,13.2,333664,987837,359301,628536,12.106,4.403,A,89239,1.094,1.094,24.212,36
2017,18,2778771,,2,350408,95325,255083,12.724,95325,301303,91169,210134,10.941,3.311,A,49105,1.783,1.783,21.882,18
2017,34,3665423,,2,510491,171206,339285,14.044,171206,448456,145059,303397,12.337,3.991,A,62035,1.707,1.707,24.675,34
2017,56,201850,,2,25975,9389,16586,12.668,9389,32490,10580,21910,15.845,5.16,A,-6515,-3.177,-3.177,25.335,56
2017,44,437396,,2,52019,14704,37315,11.936,14704,49176,15939,33237,11.284,3.657,A,2843,0.652,0.652,22.568,44
2017,12,8096805,,2,1190490,389871,800619,14.9,389871,977523,368536,608987,12.234,4.612,A,212967,2.665,2.665,24.469,12
2017,42,5416046,,2,655763,188574,467189,12.19,188574,583085,185521,397564,10.839,3.449,A,72678,1.351,1.351,21.678,42
2017,39,4807138,,2,600523,178763,421760,12.545,178763,562308,196324,365984,11.747,4.101,A,38215,0.798,0.798,23.494,39
2017,51,3308261,,2,420758,120906,299852,12.803,120906,375865,122756,253109,11.437,3.735,A,44893,1.366,1.366,22.874,51
2017,45,1753510,,2,232625,72191,160434,13.409,72191,195318,66142,129176,11.259,3.813,A,37307,2.151,2.151,22.518,45
2017,50,258964,,2,28639,7908,20731,11.012,7908,30540,9006,21534,11.743,3.463,A,-1901,-0.731,-0.731,22.025,50
2017,49,1282118,,2,182415,57550,124865,14.465,57550,141376,49178,92198,11.21,3.9,A,41039,3.254,3.254,22.421,49
2017,11,528831,,2,64115,18790,45325,12.223,18790,56143,20323,35820,10.703,3.874,A,7972,1.52,1.52,21.406,11
2017,5,1028539,,2,136059,42303,93756,13.327,42303,120694,38129,82565,11.822,3.735,A,15365,1.505,1.505,23.645,5
2017,10,395642,,2,54638,17847,36791,13.769,17847,56721,20267,36454,14.294,5.107,A,-2083,-0.525,-0.525,27.537,10
2017,6,14654515,,2,2161269,677549,1483720,14.918,677549,1828498,640418,1188080,12.621,4.42,A,332771,2.297,2.297,25.241,6
2017,9,1533433,,2,189188,63979,125209,12.367,63979,181369,74706,106663,11.856,4.883,A,7819,0.511,0.511,23.712,9
2017,8,2307967,,2,345444,122598,222846,15.143,122598,291690,107714,183976,12.786,4.722,A,53754,2.356,2.356,25.573,8
2017,46,359679,,2,40864,11539,29325,11.386,11539,39831,12268,27563,11.098,3.418,A,1033,0.288,0.288,22.196,46
2017,47,2644961,,2,345046,103384,241662,13.148,103384,303164,104209,198955,11.552,3.971,A,41882,1.596,1.596,23.104,47
2017,4,2456130,,2,359950,116966,242984,14.855,116966,294325,102900,191425,12.147,4.247,A,65625,2.708,2.708,24.293,4
2017,13,3856840,,2,552669,185866,366803,14.501,185866,460493,159598,300895,12.082,4.188,A,92176,2.419,2.419,24.165,13
2017,48,10580025,,2,1582934,539357,1043577,15.075,539357,1426889,479821,947068,13.589,4.569,A,156045,1.486,1.486,27.177,48
2017,53,2682897,,2,374263,102639,271624,14.15,102639,297384,95037,202347,11.243,3.593,A,76879,2.907,2.907,22.486,53
2017,2,260545,,2,34183,8541,25642,13.03,8541,37640,12517,25123,14.348,4.771,A,-3457,-1.318,-1.318,26.06,2
2017,55,2545943,,2,302753,87792,214961,11.97,87792,269772,85001,184771,10.666,3.361,A,32981,1.304,1.304,21.332,55
2017,41,1592725,,2,219394,63962,155432,13.981,63962,172508,55479,117029,10.993,3.535,A,46886,2.988,2.988,21.986,41
2017,15,541450,,2,71689,27922,43767,13.394,27922,59306,16099,43207,11.081,3.008,A,12383,2.314,2.314,22.161,15
2017,40,1356342,,2,175219,58625,116594,12.941,58625,170816,57179,113637,12.615,4.223,A,4403,0.325,0.325,25.231,40
2017,54,549564,,2,60897,17448,43449,10.981,17448,71435,20415,51020,12.882,3.681,A,-10538,-1.9,-1.9,21.963,54
2017,1,1696233,,2,221624,57453,164171,13.168,57453,194617,59467,135150,11.563,3.533,A,27007,1.605,1.605,23.127,1
2018,32,1219417,,2,166821,60730,106091,13.837,60730,139379,46401,92978,11.561,3.849,A,27442,2.276,2.276,23.122,32
2018,5,1040282,,2,124074,37390,86684,11.997,37390,111298,32979,78319,10.761,3.189,A,12776,1.235,1.235,21.523,5
2018,28,942952,,2,104404,30610,73794,11.09,30610,101535,28921,72614,10.785,3.072,A,2869,0.305,0.305,21.571,28
2018,55,2597539,,2,290322,79514,210808,11.263,79514,251418,77053,174365,9.753,2.989,A,38904,1.509,1.509,19.507,55
2018,6,14979595,,2,2008211,637074,1371137,13.544,637074,1705105,564990,1140115,11.499,3.81,A,303106,2.044,2.044,22.999,6
2018,33,613074,,2,72001,24641,47360,11.843,24641,61940,18460,43480,10.188,3.036,A,10061,1.655,1.655,20.377,33
2018,48,10800658,,2,1500815,493956,1006859,14.036,493956,1285682,414364,871318,12.024,3.875,A,215133,2.012,2.012,24.047,48
2018,27,2696120,,2,314997,81987,233010,11.772,81987,274427,90918,183509,10.256,3.398,A,40570,1.516,1.516,20.511,27
2018,56,208618,,2,28959,9648,19311,14.034,9648,24374,8868,15506,11.812,4.297,A,4585,2.222,2.222,23.623,56
2018,8,2354613,,2,326253,109919,216334,13.992,109919,280486,96395,184091,12.029,4.134,A,45767,1.963,1.963,24.059,8
2018,2,260844,,2,31328,7186,24142,11.981,7186,32504,8731,23773,12.43,3.339,A,-1176,-0.45,-0.45,23.961,2
2018,53,2761656,,2,371285,117176,254109,13.631,117176,295845,98445,197400,10.861,3.614,A,75440,2.77,2.77,21.723,53
2018,23,516050,,2,56827,15063,41764,11.046,15063,53642,16291,37351,10.427,3.167,A,3185,0.619,0.619,20.854,23
2018,49,1337872,,2,188388,59058,129330,14.373,59058,134372,50068,84304,10.252,3.82,A,54016,4.121,4.121,20.504,49
2018,24,2353103,,2,286124,84187,201937,12.243,84187,253340,76363,176977,10.84,3.268,A,32784,1.403,1.403,21.681,24
2018,50,262181,,2,27696,8733,18963,10.632,8733,24542,8201,16341,9.421,3.148,A,3154,1.211,1.211,18.842,50
2018,25,3334056,,2,402170,122696,279474,12.154,122696,349478,110141,239337,10.562,3.329,A,52692,1.592,1.592,21.123,25
2018,26,3919125,,2,486540,127539,359001,12.53,127539,410869,132911,277958,10.581,3.423,A,75671,1.949,1.949,21.162,26
2018,51,3385963,,2,426095,124906,301189,12.727,124906,350987,107693,243294,10.483,3.217,A,75108,2.243,2.243,20.967,51
2018,31,841185,,2,99879,30153,69726,11.962,30153,87480,29986,57494,10.477,3.591,A,12399,1.485,1.485,20.954,31
2018,4,2543851,,2,364604,115796,248808,14.583,115796,275470,91208,184262,11.018,3.648,A,89134,3.565,3.565,22.036,4
2018,30,370071,,2,45188,15780,29408,12.118,15780,51977,13839,38138,13.938,3.711,A,-6789,-1.821,-1.821,24.235,30
2018,1,1720839,,2,208345,59810,148535,12.185,59810,187981,51064,136917,10.994,2.986,A,20364,1.191,1.191,21.988,1
2018,29,2522461,,2,298286,89811,208475,11.843,89811,290175,90218,199957,11.521,3.582,A,8111,0.322,0.322,23.041,29
2018,54,557964,,2,69103,20799,48304,12.479,20799,60921,19657,41264,11.002,3.55,A,8182,1.478,1.478,22.003,54
2018,39,4863157,,2,575803,157141,418662,11.909,157141,520260,159860,360400,10.76,3.306,A,55543,1.149,1.149,21.52,39
2018,47,2668601,,2,312261,92361,219900,11.766,92361,283120,85661,197459,10.668,3.228,A,29141,1.098,1.098,21.336,47
2018,46,359341,,2,36882,10944,25938,10.252,10944,37567,12497,25070,10.443,3.474,A,-685,-0.19,-0.19,20.504,46
2018,12,8301116,,2,1158402,411959,746443,14.149,411959,928934,346574,582360,11.346,4.233,A,229468,2.803,2.803,22.693,12
2018,37,3850074,,2,491533,155895,335638,12.89,155895,418610,142866,275744,10.978,3.747,A,72923,1.912,1.912,21.956,37
2018,41,1623623,,2,201597,57572,144025,12.531,57572,172853,57234,115619,10.745,3.558,A,28744,1.787,1.787,21.489,41
2018,42,5471138,,2,608777,166466,442311,11.177,166466,559027,172042,386985,10.264,3.159,A,49750,0.913,0.913,20.527,42
2018,34,3722141,,2,476711,147171,329540,12.889,147171,429596,135006,294590,11.615,3.65,A,47115,1.274,1.274,23.23,34
2018,36,8317277,,2,1035305,316285,719020,12.527,316285,930609,314788,615821,11.26,3.809,A,104696,1.267,1.267,22.52,36
2018,38,343675,,2,42664,11954,30710,12.487,11954,38885,12108,26777,11.381,3.544,A,3779,1.106,1.106,22.762,38
2018,44,442189,,2,54402,14938,39464,12.376,14938,48625,17897,30728,11.062,4.072,A,5777,1.314,1.314,22.124,44
2018,15,550240,,2,62088,19875,42213,11.362,19875,54016,15972,38044,9.884,2.923,A,8072,1.477,1.477,19.769,15
2018,35,629883,,2,73956,24822,49134,11.775,24822,70107,22322,47785,11.162,3.554,A,3849,0.613,0.613,22.325,35
2018,45,1806109,,2,243689,73713,169976,13.653,73713,201475,65797,135678,11.288,3.686,A,42214,2.365,2.365,22.575,45
2018,18,2813941,,2,342698,96877,245821,12.25,96877,310549,101678,208871,11.1,3.634,A,32149,1.149,1.149,22.201,18
2018,13,3953214,,2,543789,171010,372779,13.904,171010,458349,152270,306079,11.719,3.893,A,85440,2.185,2.185,23.438,13
2018,21,1635201,,2,193200,59130,134070,11.873,59130,176318,54205,122113,10.836,3.331,A,16882,1.038,1.038,21.672,21
2018,19,1368137,,2,145419,38892,106527,10.685,38892,130993,35942,95051,9.625,2.641,A,14426,1.06,1.06,19.25,19
2018,11,542065,,2,65371,21051,44320,12.212,21051,51539,16350,35189,9.628,3.054,A,13832,2.584,2.584,19.256,11
2018,17,5437357,,2,646464,194345,452119,11.926,194345,611702,179952,431750,11.284,3.32,A,34762,0.641,0.641,22.569,17
2018,16,598294,,2,85263,28769,56494,14.489,28769,65226,19893,45333,11.084,3.381,A,20037,3.405,3.405,22.168,16
2018,20,1200460,,2,138734,40684,98050,11.556,40684,138876,39879,98997,11.568,3.322,A,-142,-0.012,-0.012,23.112,20
2018,10,403078,,2,51898,16690,35208,12.976,16690,45917,13659,32258,11.481,3.415,A,5981,1.495,1.495,22.961,10
2018,40,1379872,,2,183187,54504,128683,13.385,54504,161086,53216,107870,11.77,3.888,A,22101,1.615,1.615,23.539,40
2018,9,1520482,,2,170996,54178,116818,11.199,54178,183961,64078,119883,12.048,4.196,A,-12965,-0.849,-0.849,22.397,9
2018,22,1685483,,2,202933,59280,143653,12.046,59280,201527,60237,141290,11.962,3.576,A,1406,0.083,0.083,23.925,22
2019,31,854272,,2,92652,29330,63322,10.92,29330,81079,21633,59446,9.556,2.55,A,11573,1.364,1.364,19.112,31
2019,56,210560,,2,23644,8068,15576,11.272,8068,22071,6970,15101,10.522,3.323,A,1573,0.75,0.75,21.045,56
2019,30,375345,,2,42566,14229,28337,11.4,14229,38802,12344,26458,10.392,3.306,A,3764,1.008,1.008,20.783,30
2019,41,1644461,,2,195097,60847,134250,11.939,60847,174657,53420,121237,10.688,3.269,A,20440,1.251,1.251,21.377,41
2019,45,1844220,,2,235970,75681,160289,12.939,75681,195840,63263,132577,10.738,3.469,A,40130,2.2,2.2,21.476,45
2019,40,1401318,,2,170861,54648,116213,12.283,54648,151139,43715,107424,10.866,3.143,A,19722,1.418,1.418,21.731,40
2019,55,2604597,,2,275533,90821,184712,10.596,90821,267248,72061,195187,10.278,2.771,A,8285,0.319,0.319,20.555,55
2019,44,439541,,2,42424,14183,28241,9.624,14183,45297,13675,31622,10.276,3.102,A,-2873,-0.652,-0.652,19.248,44
2019,53,2820597,,2,347593,112253,235340,12.454,112253,289060,95391,193669,10.356,3.418,A,58533,2.097,2.097,20.713,53
2019,38,350783,,2,37033,11745,25288,10.661,11745,30292,8615,21677,8.721,2.48,A,6741,1.941,1.941,17.442,38
2019,54,556130,,2,59068,19985,39083,10.599,19985,61546,20800,40746,11.044,3.732,A,-2478,-0.445,-0.445,21.198,54
2019,32,1262679,,2,171344,55608,115736,13.801,55608,129065,46674,82391,10.396,3.759,A,42279,3.405,3.405,20.792,32
2019,33,620404,,2,62110,18127,43983,10.073,18127,55222,16033,39189,8.956,2.6,A,6888,1.117,1.117,17.912,33
2019,34,3794755,,2,462714,149963,312751,12.31,149963,392412,129464,262948,10.44,3.444,A,70302,1.87,1.87,20.88,34
2019,37,3942385,,2,489815,150441,339374,12.574,150441,399724,141663,258061,10.261,3.637,A,90091,2.313,2.313,20.523,37
2019,36,8468293,,2,1035597,330821,704776,12.352,330821,870642,289471,581171,10.384,3.453,A,164955,1.967,1.967,20.769,36
2019,46,359788,,2,33820,10948,22872,9.406,10948,33656,9232,24424,9.361,2.568,A,164,0.046,0.046,18.722,46
2019,47,2726721,,2,320501,108134,212367,11.857,108134,272687,83660,189027,10.088,3.095,A,47814,1.769,1.769,20.176,47
2019,51,3465655,,2,411658,122544,289114,12.009,122544,337398,102903,234495,9.843,3.002,A,74260,2.166,2.166,19.685,51
2019,48,11109140,,2,1488314,498615,989699,13.587,498615,1186179,387553,798626,10.829,3.538,A,302135,2.758,2.758,21.657,48
2019,35,636262,,2,73566,24569,48997,11.617,24569,68308,18949,49359,10.786,2.992,A,5258,0.83,0.83,21.573,35
2019,50,261794,,2,23905,7512,16393,9.117,7512,25039,7791,17248,9.549,2.971,A,-1134,-0.432,-0.432,18.234,50
2019,49,1375209,,2,173543,56102,117441,12.796,56102,135890,43351,92539,10.019,3.196,A,37653,2.776,2.776,20.039,49
2019,39,4905469,,2,536145,154726,381419,10.994,154726,479957,152864,327093,9.842,3.135,A,56188,1.152,1.152,19.683,39
2019,42,5556376,,2,590332,169111,421221,10.706,169111,507797,162104,345693,9.209,2.94,A,82535,1.497,1.497,18.418,42
2019,1,1762162,,2,204715,60769,143946,11.752,60769,165544,48974,116570,9.503,2.811,A,39171,2.249,2.249,19.006,1
2019,8,2412233,,2,328829,114640,214189,13.798,114640,269318,93193,176125,11.301,3.91,A,59511,2.497,2.497,22.601,8
2019,2,263816,,2,30563,8429,22134,11.641,8429,27992,7290,20702,10.661,2.777,A,2571,0.979,0.979,21.323,2
2019,25,3383188,,2,369136,102177,266959,11.026,102177,299454,94698,204756,8.944,2.828,A,69682,2.081,2.081,17.888,25
2019,24,2372268,,2,258724,79685,179039,10.949,79685,240074,75321,164753,10.159,3.187,A,18650,0.789,0.789,20.319,24
2019,23,522289,,2,56582,15042,41540,10.899,15042,50138,15533,34605,9.658,2.992,A,6444,1.241,1.241,19.315,23
2019,6,15304450,,2,2027006,675823,1351183,13.392,675823,1692197,562059,1130138,11.18,3.713,A,334809,2.212,2.212,22.359,6
2019,4,2613449,,2,356117,120786,235331,13.805,120786,288215,99615,188600,11.173,3.862,A,67902,2.632,2.632,22.346,4
2019,10,414629,,2,54472,15292,39180,13.32,15292,42643,16564,26079,10.427,4.05,A,11829,2.893,2.893,20.855,10
2019,13,4035351,,2,533263,178459,354804,13.347,178459,453883,154178,299705,11.36,3.859,A,79380,1.987,1.987,22.72,13
2019,9,1542676,,2,164869,48623,116246,10.764,48623,142586,44623,97963,9.309,2.913,A,22283,1.455,1.455,18.619,9
2019,21,1667087,,2,191211,58980,132231,11.578,58980,160216,49345,110871,9.701,2.988,A,30995,1.877,1.877,19.402,21
2019,20,1211242,,2,133880,40540,93340,11.11,40540,121615,38012,83603,10.092,3.154,A,12265,1.018,1.018,20.184,20
2019,19,1387949,,2,143216,35929,107287,10.403,35929,120704,35176,85528,8.768,2.555,A,22512,1.635,1.635,17.536,19
2019,18,2835824,,2,283275,81506,201769,10.027,81506,260360,69322,191038,9.216,2.454,A,22915,0.811,0.811,18.432,18
2019,5,1054428,,2,120700,41878,78822,11.526,41878,107227,35082,72145,10.239,3.35,A,13473,1.287,1.287,20.478,5
2019,17,5478394,,2,602904,184629,418275,11.047,184629,563138,172489,390649,10.318,3.16,A,39766,0.729,0.729,20.636,17
2019,12,8444899,,2,1077687,391011,686676,12.891,391011,910303,320979,589324,10.889,3.84,A,167384,2.002,2.002,21.778,12
2019,16,618190,,2,78253,29083,49170,12.874,29083,57584,17076,40508,9.474,2.809,A,20669,3.4,3.4,18.947,16
2019,15,553171,,2,55375,19820,35555,10.036,19820,52569,18213,34356,9.528,3.301,A,2806,0.509,0.509,19.055,15
2019,11,532976,,2,55712,19819,35893,10.365,19819,65314,19815,45499,12.152,3.687,A,-9602,-1.786,-1.786,20.731,11
2019,26,3922304,,2,419651,112441,307210,10.748,112441,384499,105049,279450,9.847,2.69,A,35152,0.9,0.9,19.695,26
2019,22,1715942,,2,204716,69961,134755,12.037,69961,174503,53027,121476,10.26,3.118,A,30213,1.776,1.776,20.52,22
2019,28,956885,,2,103226,31810,71416,10.867,31810,89494,25754,63740,9.421,2.711,A,13732,1.446,1.446,18.843,28
2019,29,2542810,,2,277004,84896,192108,10.939,84896,257353,82529,174824,10.163,3.259,A,19651,0.776,0.776,20.325,29
2019,27,2696221,,2,276654,82893,193761,10.264,82893,274781,78312,196469,10.194,2.905,A,1873,0.069,0.069,20.389,27
2020,36,8474071,,2,971734,297640,674094,11.459,297640,983441,328297,655144,11.597,3.871,A,-11707,-0.138,-0.138,22.917,36
2020,44,445477,,2,48958,15830,33128,11.066,15830,42882,13516,29366,9.692,3.055,A,6076,1.373,1.373,19.385,44
2020,8,2438775,,2,330634,111219,219415,13.624,111219,307301,101484,205817,12.662,4.182,A,23333,0.961,0.961,25.325,8
2020,28,951196,,2,98258,29770,68488,10.3,29770,103758,32057,71701,10.877,3.36,A,-5500,-0.577,-0.577,20.6,28
2020,47,2767468,,2,336599,109826,226773,12.251,109826,296049,92296,203753,10.775,3.359,A,40550,1.476,1.476,21.551,47
2020,51,3486537,,2,408007,124174,283833,11.737,124174,387915,123219,264696,11.159,3.545,A,20092,0.578,0.578,22.317,51
2020,37,3976335,,2,456448,152453,303995,11.523,152453,424732,133214,291518,10.722,3.363,A,31716,0.801,0.801,21.444,37
2020,10,419080,,2,52806,21474,31332,12.666,21474,48631,18923,29708,11.664,4.539,A,4175,1.001,1.001,23.329,10
2020,4,2644141,,2,328184,110012,218172,12.464,110012,306008,92191,213817,11.622,3.501,A,22176,0.842,0.842,23.244,4
2020,22,1702056,,2,188281,57135,131146,11.019,57135,201627,58420,143207,11.8,3.419,A,-13346,-0.781,-0.781,22.038,22
2020,42,5531813,,2,577755,182351,395404,10.451,182351,571510,165872,405638,10.338,3.0,A,6245,0.113,0.113,20.676,42
2020,17,5494443,,2,616368,191542,424826,11.222,191542,613480,198542,414938,11.169,3.615,A,2888,0.053,0.053,22.339,17
2020,21,1663074,,2,176378,54873,121505,10.587,54873,183417,58934,124483,11.01,3.538,A,-7039,-0.423,-0.423,21.175,21
2020,53,2872215,,2,357630,122947,234683,12.559,122947,306706,101748,204958,10.77,3.573,A,50924,1.788,1.788,21.541,53
2020,41,1657565,,2,190343,61018,129325,11.53,61018,176871,55265,121606,10.714,3.348,A,13472,0.816,0.816,21.428,41
2020,20,1205466,,2,131554,39622,91932,10.88,39622,139651,43964,95687,11.549,3.636,A,-8097,-0.67,-0.67,21.759,20
2020,38,353047,,2,38516,12956,25560,10.943,12956,36689,11012,25677,10.424,3.129,A,1827,0.519,0.519,20.848,38
2020,56,209518,,2,25216,10115,15101,12.037,10115,25059,9862,15197,11.962,4.707,A,157,0.075,0.075,23.923,56
2020,11,544609,,2,66075,22236,43839,12.259,22236,55462,17384,38078,10.29,3.225,A,10613,1.969,1.969,20.579,11
2020,1,1781932,,2,203807,54442,149365,11.499,54442,184549,51814,132735,10.413,2.924,A,19258,1.087,1.087,20.826,1
2020,39,4928473,,2,544846,172380,372466,11.062,172380,539963,164435,375528,10.963,3.339,A,4883,0.099,0.099,21.927,39
2020,18,2825420,,2,298879,87296,211583,10.559,87296,309584,98662,210922,10.937,3.486,A,-10705,-0.378,-0.378,21.118,18
2020,48,11225437,,2,1486323,546715,939608,13.302,546715,1383581,430847,952734,12.382,3.856,A,102742,0.919,0.919,24.765,48
2020,40,1403100,,2,172596,62355,110241,12.309,62355,169959,50320,119639,12.121,3.589,A,2637,0.188,0.188,24.242,40
2020,31,864204,,2,94535,26379,68156,11.0,26379,85139,28022,57117,9.906,3.26,A,9396,1.093,1.093,19.813,31
2020,55,2598806,,2,269597,75459,194138,10.363,75459,273762,82476,191286,10.524,3.17,A,-4165,-0.16,-0.16,20.727,55
2020,23,521797,,2,53025,15917,37108,10.158,15917,53237,15398,37839,10.198,2.95,A,-212,-0.041,-0.041,20.316,23
2020,49,1406774,,2,187598,55983,131615,13.479,55983,158441,53122,105319,11.384,3.817,A,29157,2.095,2.095,22.769,49
2020,19,1393415,,2,136436,40764,95672,9.813,40764,130520,36444,94076,9.388,2.621,A,5916,0.426,0.426,18.775,19
2020,9,1548717,,2,190679,77625,113054,12.338,77625,185212,58408,126804,11.985,3.779,A,5467,0.354,0.354,23.969,9
2020,15,548369,,2,49546,14005,35541,8.996,14005,54375,16507,37868,9.873,2.997,A,-4829,-0.877,-0.877,17.992,15
2020,27,2706495,,2,278637,78046,200591,10.312,78046,268085,80806,187279,9.922,2.991,A,10552,0.391,0.391,19.844,27
2020,29,2563439,,2,285024,103569,181455,11.166,103569,264303,79910,184393,10.355,3.131,A,20721,0.812,0.812,20.709,29
2020,12,8587626,,2,1156743,426226,730517,13.593,426226,1002232,358475,643757,11.777,4.213,A,154511,1.816,1.816,23.555,12
2020,5,1055133,,2,115909,37036,78873,10.977,37036,117021,34207,82814,11.083,3.24,A,-1112,-0.105,-0.105,21.954,5
2020,6,15375464,,2,2044401,757685,1286716,13.353,757685,1909670,626621,1283049,12.473,4.093,A,134731,0.88,0.88,24.945,6
2020,33,620449,,2,58515,15986,42529,9.429,15986,58541,18373,40168,9.434,2.961,A,-26,-0.004,-0.004,18.859,33
2020,30,378664,,2,45009,15912,29097,11.934,15912,41754,15235,26519,11.071,4.04,A,3255,0.863,0.863,22.142,30
2020,26,3957625,,2,435265,142582,292683,11.015,142582,421842,128071,293771,10.675,3.241,A,13423,0.34,0.34,21.351,26
2020,25,3390729,,2,360833,112587,248246,10.655,112587,350377,106792,243585,10.346,3.153,A,10456,0.309,0.309,20.692,25
2020,34,3794228,,2,445738,151589,294149,11.748,151589,444543,148233,296310,11.716,3.907,A,1195,0.031,0.031,23.432,34
2020,50,257709,,2,24244,6908,17336,9.34,6908,27876,9141,18735,10.739,3.521,A,-3632,-1.399,-1.399,18.679,50
2020,2,263827,,2,29693,7576,22117,11.257,7576,29913,8173,21740,11.341,3.099,A,-220,-0.083,-0.083,22.515,2
2020,54,545756,,2,52517,17214,35303,9.529,17214,63535,18553,44982,11.528,3.366,A,-11018,-1.999,-1.999,19.057,54
2020,46,365983,,2,41400,14652,26748,11.404,14652,35769,11773,23996,9.853,3.243,A,5631,1.551,1.551,19.705,46
2020,24,2400413,,2,282887,85321,197566,11.857,85321,253353,79031,174322,10.619,3.312,A,29534,1.238,1.238,21.238,24
2020,45,1857489,,2,219369,75221,144148,11.843,75221,209697,62695,147002,11.32,3.385,A,9672,0.522,0.522,22.641,45
2020,13,4107742,,2,528084,193239,334845,12.965,193239,460369,141503,318866,11.302,3.474,A,67715,1.662,1.662,22.605,13
2020,32,1276693,,2,164068,59458,104610,12.93,59458,149250,54994,94256,11.762,4.334,A,14818,1.168,1.168,23.524,32
2020,35,652036,,2,77142,27252,49890,11.882,27252,71322,22787,48535,10.986,3.51,A,5820,0.896,0.896,21.972,35
2020,16,640032,,2,82857,30903,51954,13.168,30903,61489,19508,41981,9.772,3.1,A,21368,3.396,3.396,19.545,16
2021,18,2761846,,2,311061,95573,215488,11.133,95573,374081,92545,281536,13.388,3.312,A,-63020,-2.255,-2.255,22.265,18
2021,13,4045668,,2,536767,200812,335955,13.16,200812,604629,168125,436504,14.824,4.122,A,-67862,-1.664,-1.664,26.321,13
2021,48,10839032,,2,1355410,519682,835728,12.282,519682,1748399,424789,1323610,15.843,3.849,A,-392989,-3.561,-3.561,24.564,48
2021,5,1039744,,2,123658,35512,88146,11.797,35512,140121,34109,106012,13.367,3.254,A,-16463,-1.571,-1.571,23.593,5
2021,46,364072,,2,38308,11744,26564,10.494,11744,40320,10411,29909,11.045,2.852,A,-2012,-0.551,-0.551,20.988,46
2021,44,412982,,2,37079,12670,24409,8.64,12670,68882,16345,52537,16.05,3.809,A,-31803,-7.41,-7.41,17.28,44
2021,17,5239781,,2,567400,179352,388048,10.572,179352,820283,189723,630560,15.284,3.535,A,-252883,-4.712,-4.712,21.144,17
2021,41,1574023,,2,180074,58169,121905,11.147,58169,261687,65974,195713,16.199,4.084,A,-81613,-5.052,-5.052,22.293,41
2021,8,2353200,,2,321655,116790,204865,13.421,116790,408149,108697,299452,17.03,4.535,A,-86494,-3.609,-3.609,26.842,8
2021,42,5257099,,2,571601,205788,365813,10.596,205788,846458,201277,645181,15.69,3.731,A,-274857,-5.095,-5.095,21.191,42
2021,47,2723279,,2,350001,126090,223911,12.744,126090,393075,97825,295250,14.313,3.562,A,-43074,-1.568,-1.568,25.489,47
2021,29,2468568,,2,271974,88373,183601,10.82,88373,362460,90733,271727,14.419,3.61,A,-90486,-3.6,-3.6,21.639,29
2021,53,2749379,,2,335743,119810,215933,11.942,119810,457644,115092,342552,16.278,4.094,A,-121901,-4.336,-4.336,23.884,53
2021,45,1821835,,2,219292,82564,136728,11.881,82564,267106,71293,195813,14.472,3.863,A,-47814,-2.591,-2.591,23.763,45
2021,30,380843,,2,47413,15930,31483,12.467,15930,46318,13772,32546,12.179,3.621,A,1095,0.288,0.288,24.358,30
2021,16,652934,,2,89379,29608,59771,13.823,29608,76486,23447,53039,11.829,3.626,A,12893,1.994,1.994,23.658,16
2021,54,520891,,2,53307,19620,33687,9.991,19620,78415,21226,57189,14.697,3.978,A,-25108,-4.706,-4.706,19.982,54
2021,15,470180,,2,37918,14389,23529,7.446,14389,115967,22330,93637,22.773,4.385,A,-78049,-15.327,-15.327,14.892,15
2021,6,14520665,,2,1891703,650939,1240764,12.658,650939,2736302,684679,2051623,18.31,4.581,A,-844599,-5.652,-5.652,25.316,6
2021,38,332353,,2,30026,10304,19722,8.764,10304,50432,12168,38264,14.72,3.552,A,-20406,-5.956,-5.956,17.528,38
2021,12,8409699,,2,1095977,449737,646240,12.874,449737,1300930,320778,980152,15.282,3.768,A,-204953,-2.408,-2.408,25.748,12
2021,34,3565823,,2,408048,145450,262598,11.067,145450,650650,162892,487758,17.646,4.418,A,-242602,-6.58,-6.58,22.133,34
2021,24,2279648,,2,263659,79992,183667,11.284,79992,376417,93949,282468,16.11,4.021,A,-112758,-4.826,-4.826,22.568,24
2021,56,199533,,2,24050,10147,13903,11.762,10147,34109,9352,24757,16.681,4.574,A,-10059,-4.919,-4.919,23.524,56
2021,2,251083,,2,28388,7944,20444,11.016,7944,41291,9112,32179,16.023,3.536,A,-12903,-5.007,-5.007,22.032,2
2021,49,1449441,,2,216650,66726,149924,15.17,66726,174623,46509,128114,12.227,3.257,A,42027,2.943,2.943,24.454,49
2021,23,505935,,2,59743,24600,35143,11.625,24600,75370,19384,55986,14.665,3.772,A,-15627,-3.041,-3.041,23.249,23
2021,35,606502,,2,62757,23396,39361,9.973,23396,108064,27788,80276,17.172,4.416,A,-45307,-7.2,-7.2,19.945,35
2021,9,1445902,,2,141129,51867,89262,9.425,51867,243489,53686,189803,16.26,3.585,A,-102360,-6.836,-6.836,18.849,9
2021,19,1352086,,2,126798,39008,87790,9.234,39008,168234,40537,127697,12.251,2.952,A,-41436,-3.017,-3.017,18.468,19
2021,36,7732961,,2,829022,320850,508172,10.23,320850,1571954,374341,1197613,19.397,4.619,A,-742932,-9.167,-9.167,20.459,36
2021,28,932274,,2,101338,32113,69225,10.762,32113,120670,28924,91746,12.815,3.072,A,-19332,-2.053,-2.053,21.524,28
2021,37,3915277,,2,491389,167514,323875,12.449,167514,554180,146260,407920,14.04,3.706,A,-62791,-1.591,-1.591,24.899,37
2021,22,1595071,,2,167121,59783,107338,10.136,59783,273503,58369,215134,16.588,3.54,A,-106382,-6.452,-6.452,20.272,22
2021,25,3177636,,2,316577,95855,220722,9.638,95855,532613,125679,406934,16.215,3.826,A,-216036,-6.577,-6.577,19.276,25
2021,51,3359558,,2,403879,129912,273967,11.798,129912,531610,134883,396727,15.53,3.94,A,-127731,-3.731,-3.731,23.596,51
2021,10,412181,,2,57478,21042,36436,13.819,21042,64962,18203,46759,15.618,4.376,A,-7484,-1.799,-1.799,27.638,10
2021,40,1355530,,2,159707,56313,103394,11.557,56313,211577,50837,160740,15.311,3.679,A,-51870,-3.754,-3.754,23.114,40
2021,55,2523640,,2,266254,80776,185478,10.395,80776,341328,77439,263889,13.326,3.023,A,-75074,-2.931,-2.931,20.79,55
2021,32,1165697,,2,156267,57086,99181,12.793,57086,268100,46681,221419,21.948,3.822,A,-111833,-9.155,-9.155,25.586,32
2021,39,4792411,,2,558659,167672,390987,11.483,167672,701090,177572,523518,14.41,3.65,A,-142431,-2.928,-2.928,22.966,39
2021,4,2619195,,2,360671,126122,234549,13.705,126122,383727,100292,283435,14.581,3.811,A,-23056,-0.876,-0.876,27.41,4
2021,11,488960,,2,52559,20309,32250,10.17,20309,108306,23169,85137,20.956,4.483,A,-55747,-10.787,-10.787,20.339,11
2021,31,850758,,2,91829,29168,62661,10.707,29168,105607,30699,74908,12.314,3.579,A,-13778,-1.607,-1.607,21.414,31
2021,1,1723274,,2,181806,60808,120998,10.369,60808,241945,52486,189459,13.799,2.993,A,-60139,-3.43,-3.43,20.738,1
2021,26,3749670,,2,393777,135723,258054,10.22,135723,598605,138271,460334,15.536,3.589,A,-204828,-5.316,-5.316,20.44,26
2021,33,586052,,2,57608,18952,38656,9.552,18952,91310,20970,70340,15.141,3.477,A,-33702,-5.588,-5.588,19.105,33
2021,50,239440,,2,23428,8303,15125,9.424,8303,41716,8436,33280,16.781,3.393,A,-18288,-7.356,-7.356,18.848,50
2021,21,1618232,,2,182537,63251,119286,11.12,63251,229225,60968,168257,13.964,3.714,A,-46688,-2.844,-2.844,22.24,21
2021,20,1199248,,2,147704,41160,106544,12.277,41160,156868,36071,120797,13.038,2.998,A,-9164,-0.762,-0.762,24.553,20
2021,27,2591045,,2,272184,77494,194690,10.272,77494,387798,85023,302775,14.636,3.209,A,-115614,-4.363,-4.363,20.545,27
2022,50,253084,,2,36814,8288,28526,14.953,8288,23049,8587,14462,9.362,3.488,A,13765,5.591,5.591,18.724,50
2022,46,373461,,2,49981,14352,35629,13.578,14352,39050,11647,27403,10.608,3.164,A,10931,2.969,2.969,21.216,46
2022,48,11543459,,2,1971870,585758,1386112,17.615,585758,1270582,459333,811249,11.35,4.103,A,701288,6.265,6.265,22.7,48
2022,49,1522510,,2,249432,79050,170382,16.784,79050,176502,63739,112763,11.877,4.289,A,72930,4.907,4.907,23.753,49
2022,47,2857048,,2,440854,129960,310894,15.795,129960,307274,97202,210072,11.009,3.482,A,133580,4.786,4.786,22.017,47
2022,51,3493659,,2,519386,137974,381412,15.158,137974,383823,136152,247671,11.202,3.973,A,135563,3.956,3.956,22.403,51
2022,10,433098,,2,74728,24785,49943,17.679,24785,53660,25053,28607,12.695,5.927,A,21068,4.984,4.984,25.39,10
2022,8,2484930,,2,435004,135328,299676,17.979,135328,303697,111961,191736,12.552,4.627,A,131307,5.427,5.427,25.104,8
2022,11,536764,,2,95537,21414,74123,18.625,21414,48332,19741,28591,9.422,3.849,A,47205,9.203,9.203,18.845,11
2022,5,1097164,,2,177167,52011,125156,16.585,52011,119603,39393,80210,11.196,3.688,A,57564,5.389,5.389,22.392,5
2022,6,15662458,,2,2889774,762030,2127744,19.165,762030,1717255,649215,1068040,11.389,4.306,A,1172519,7.776,7.776,22.778,6
2022,9,1512177,,2,213187,57064,156123,14.413,57064,146886,48467,98419,9.931,3.277,A,66301,4.483,4.483,19.862,9
2022,29,2563152,,2,379256,103410,275846,15.069,103410,286965,86300,200665,11.402,3.429,A,92291,3.667,3.667,22.804,29
2022,53,2885244,,2,474359,133418,340941,16.844,133418,336337,116250,220087,11.943,4.128,A,138022,4.901,4.901,23.886,53
2022,12,8821881,,2,1524871,454414,1070457,17.812,454414,1001975,381614,620361,11.704,4.458,A,522896,6.108,6.108,23.408,12
2022,22,1639340,,2,237063,64158,172905,14.679,64158,187885,61797,126088,11.634,3.826,A,49178,3.045,3.045,23.268,22
2022,36,8285936,,2,1375697,355739,1019958,17.174,355739,820076,299762,520314,10.237,3.742,A,555621,6.936,6.936,20.475,36
2022,2,257037,,2,40750,9655,31095,16.072,9655,34135,12823,21312,13.463,5.058,A,6615,2.609,2.609,26.926,2
2022,35,642864,,2,104408,25916,78492,16.715,25916,67969,25162,42807,10.881,4.028,A,36439,5.833,5.833,21.762,35
2022,23,532241,,2,81713,21245,60468,15.743,21245,55108,19168,35940,10.617,3.693,A,26605,5.126,5.126,21.234,23
2022,24,2395449,,2,379873,118526,261347,16.251,118526,261985,98361,163624,11.208,4.208,A,117888,5.043,5.043,22.416,24
2022,25,3391862,,2,537775,133604,404171,16.371,133604,324783,116699,208084,9.887,3.553,A,212992,6.484,6.484,19.774,25
2022,21,1663101,,2,240350,65109,175241,14.656,65109,195420,58755,136665,11.917,3.583,A,44930,2.74,2.74,23.833,21
2022,34,3821848,,2,626434,158274,468160,16.947,158274,373234,137780,235454,10.097,3.727,A,253200,6.85,6.85,20.194,34
2022,33,614868,,2,89601,21585,68016,14.925,21585,60375,19792,40583,10.057,3.297,A,29226,4.868,4.868,20.114,33
2022,32,1291230,,2,253017,64765,188252,20.598,64765,127807,45117,82690,10.405,3.673,A,125210,10.193,10.193,20.809,32
2022,26,3907582,,2,575395,139428,435967,15.023,139428,420272,135980,284292,10.973,3.55,A,155123,4.05,4.05,21.946,26
2022,27,2701069,,2,393834,93152,300682,14.882,93152,283793,96437,187356,10.724,3.644,A,110041,4.158,4.158,21.448,27
2022,28,941877,,2,123887,34523,89364,13.219,34523,114150,32977,81173,12.18,3.519,A,9737,1.039,1.039,24.36,28
2022,56,207929,,2,34208,12417,21791,16.784,12417,25723,10312,15411,12.621,5.059,A,8485,4.163,4.163,25.242,56
2022,31,893995,,2,136157,28581,107576,15.603,28581,93810,30018,63792,10.75,3.44,A,42347,4.853,4.853,21.501,31
2022,30,398845,,2,63185,21353,41832,16.21,21353,45100,14764,30336,11.57,3.788,A,18085,4.64,4.64,23.14,30
2022,1,1775303,,2,253994,64618,189376,14.52,64618,201551,66803,134748,11.522,3.819,A,52443,2.998,2.998,23.045,1
2022,4,2799775,,2,496609,136428,360181,18.331,136428,317230,116262,200968,11.71,4.291,A,179379,6.621,6.621,23.419,4
2022,37,4102817,,2,631726,180890,450836,15.755,180890,444894,144211,300683,11.096,3.597,A,186832,4.66,4.66,22.192,37
2022,20,1231835,,2,172251,44490,127761,14.162,44490,140738,39839,100899,11.571,3.275,A,31513,2.591,2.591,23.141,20
2022,13,4231526,,2,693711,195433,498278,16.816,195433,481413,177849,303564,11.67,4.311,A,212298,5.146,5.146,23.34,13
2022,15,506781,,2,83424,17149,66275,17.081,17149,46971,14582,32389,9.618,2.986,A,36453,7.464,7.464,19.235,15
2022,45,1904980,,2,296769,87355,209414,15.913,87355,217189,73750,143439,11.646,3.955,A,79580,4.267,4.267,23.292,45
2022,44,439106,,2,65235,17064,48171,15.31,17064,39373,12694,26679,9.241,2.979,A,25862,6.07,6.07,18.481,44
2022,16,693619,,2,113343,35811,77532,16.835,35811,72652,24425,48227,10.791,3.628,A,40691,6.044,6.044,21.582,16
2022,54,541234,,2,75120,23559,51561,14.134,23559,55910,18422,37488,10.52,3.466,A,19210,3.614,3.614,21.039,54
2022,42,5594746,,2,829522,210201,619321,15.242,210201,522329,177111,345218,9.598,3.254,A,307193,5.645,5.645,19.195,42
2022,41,1660922,,2,277245,79086,198159,17.146,79086,188122,65133,122989,11.634,4.028,A,89123,5.512,5.512,23.269,41
2022,19,1386816,,2,181765,49047,132718,13.28,49047,144825,45168,99657,10.581,3.3,A,36940,2.699,2.699,21.163,19
2022,18,2884765,,2,427511,109286,318225,15.141,109286,305048,94196,210852,10.804,3.336,A,122463,4.337,4.337,21.607,18
2022,40,1395480,,2,203556,55471,148085,14.81,55471,162441,55715,106726,11.819,4.054,A,41115,2.991,2.991,23.637,40
2022,55,2598495,,2,360763,92336,268427,14.088,92336,285090,85983,199107,11.133,3.358,A,75673,2.955,2.955,22.265,55
2022,39,4916838,,2,745356,201017,544339,15.388,201017,593852,202945,390907,12.26,4.19,A,151504,3.128,3.128,24.52,39
2022,38,344240,,2,48320,12387,35933,14.283,12387,36368,11680,24688,10.75,3.453,A,11952,3.533,3.533,21.5,38
2022,17,5506697,,2,869493,235519,633974,16.173,235519,604731,221994,382737,11.249,4.129,A,264762,4.925,4.925,22.497,17
2023,1,1818849,,2,223092,66526,156566,12.414,66526,179480,56339,123141,9.987,3.135,A,43612,2.427,2.427,19.974,1
2023,5,1120115,,2,130755,40552,90203,11.798,40552,107677,29755,77922,9.716,2.685,A,23078,2.082,2.082,19.431,5
2023,4,2876740,,2,430147,151048,279099,15.155,151048,353301,107501,245800,12.448,3.787,A,76846,2.707,2.707,24.895,4
2023,2,265960,,2,37232,8828,28404,14.239,8828,28189,7437,20752,10.78,2.844,A,9043,3.458,3.458,21.561,2
2023,55,2636330,,2,315849,98945,216904,12.061,98945,280288,76948,203340,10.703,2.938,A,35561,1.358,1.358,21.406,55
2023,56,213160,,2,30712,11402,19310,14.589,11402,25283,9347,15936,12.01,4.44,A,5429,2.579,2.579,24.02,56
2023,6,15907513,,2,2130913,650492,1480421,13.493,650492,1903480,597518,1305962,12.053,3.784,A,227433,1.44,1.44,24.106,6
2023,53,2959530,,2,427367,137323,290044,14.602,137323,361099,130673,230426,12.338,4.465,A,66268,2.264,2.264,24.676,53
2023,54,550549,,2,67586,19758,47828,12.388,19758,57640,19361,38279,10.565,3.549,A,9946,1.823,1.823,21.131,54
2023,29,2629760,,2,339222,99298,239924,13.065,99298,272283,82388,189895,10.487,3.173,A,66939,2.578,2.578,20.974,29
2023,8,2558812,,2,383801,123940,259861,15.213,123940,311631,111158,200473,12.353,4.406,A,72170,2.861,2.861,24.705,8
2023,20,1250703,,2,157784,47096,110688,12.712,47096,138178,43622,94556,11.132,3.514,A,19606,1.58,1.58,22.264,20
2023,21,1698365,,2,209367,61987,147380,12.455,61987,173482,57675,115807,10.32,3.431,A,35885,2.135,2.135,20.64,21
2023,37,4256925,,2,569576,169585,399991,13.59,169585,436572,136204,300368,10.416,3.25,A,133004,3.173,3.173,20.832,37
2023,36,8517882,,2,1171132,331416,839716,13.982,331416,891326,282161,609165,10.641,3.369,A,279806,3.341,3.341,21.282,36
2023,22,1691269,,2,220199,61673,158526,13.227,61673,167430,47443,119987,10.057,2.85,A,52769,3.17,3.17,20.115,22
2023,35,655486,,2,82538,25836,56702,12.698,25836,71521,22683,48838,11.003,3.49,A,11017,1.695,1.695,22.006,35
2023,23,547777,,2,68600,19780,48820,12.705,19780,52881,15826,37055,9.794,2.931,A,15719,2.911,2.911,19.588,23
2023,24,2416972,,2,298589,82350,216239,12.407,82350,279572,79778,199794,11.617,3.315,A,19017,0.79,0.79,23.234,24
2023,25,3479771,,2,425615,122772,302843,12.388,122772,338415,95983,242432,9.85,2.794,A,87200,2.538,2.538,19.7,25
2023,34,3915778,,2,525685,160264,365421,13.584,160264,433606,128880,304726,11.204,3.33,A,92079,2.379,2.379,22.409,34
2023,33,625841,,2,68575,18714,49861,11.048,18714,58294,18414,39880,9.391,2.967,A,10281,1.656,1.656,18.783,33
2023,32,1336937,,2,200067,56798,143269,15.227,56798,154193,54805,99388,11.736,4.171,A,45874,3.491,3.491,23.471,32
2023,26,3973169,,2,511583,158740,352843,13.019,158740,425198,122574,302624,10.821,3.119,A,86385,2.198,2.198,21.642,26
2023,27,2754895,,2,330201,83867,246334,12.105,83867,274953,80482,194471,10.079,2.95,A,55248,2.025,2.025,20.159,27
2023,28,954354,,2,115877,37118,78759,12.228,37118,102042,28729,73313,10.768,3.032,A,13835,1.46,1.46,21.536,28
2023,31,920840,,2,118217,34199,84018,13.046,34199,88436,25530,62906,9.759,2.817,A,29781,3.286,3.286,19.519,31
2023,30,408516,,2,53883,20514,33369,13.342,20514,44597,15699,28898,11.043,3.887,A,9286,2.299,2.299,22.086,30
2023,38,350598,,2,43780,13986,29794,12.599,13986,37595,11441,26154,10.819,3.293,A,6185,1.78,1.78,21.638,38
2023,51,3570146,,2,471983,125301,346682,13.375,125301,388560,123748,264812,11.011,3.507,A,83423,2.364,2.364,22.022,51
2023,39,5027851,,2,648248,174538,473710,13.043,174538,531582,156534,375048,10.696,3.15,A,116666,2.347,2.347,21.392,39
2023,40,1426226,,2,182150,53712,128438,12.905,53712,152305,51610,100695,10.791,3.657,A,29845,2.115,2.115,21.582,40
2023,50,255565,,2,27674,7257,20417,10.88,7257,25114,8680,16434,9.874,3.413,A,2560,1.006,1.006,19.747,50
2023,49,1574157,,2,225800,71897,153903,14.58,71897,174515,51153,123362,11.268,3.303,A,51285,3.311,3.311,22.536,49
2023,9,1536064,,2,206722,51382,155340,13.564,51382,182920,50388,132532,12.002,3.306,A,23802,1.562,1.562,24.005,9
2023,10,457450,,2,78521,33214,45307,17.764,33214,48491,17507,30984,10.97,3.961,A,30030,6.794,6.794,21.94,10
2023,48,11984314,,2,1792537,577349,1215188,15.24,577349,1343815,421646,922169,11.425,3.585,A,448722,3.815,3.815,22.85,48
2023,11,562058,,2,76841,17184,59657,13.984,17184,52283,14597,37686,9.515,2.657,A,24558,4.469,4.469,19.03,11
2023,47,2925437,,2,423105,143921,279184,14.717,143921,321624,98539,223085,11.187,3.428,A,101481,3.53,3.53,22.374,47
2023,46,385660,,2,49489,15091,34398,13.025,15091,38028,11556,26472,10.008,3.041,A,11461,3.016,3.016,20.017,46
2023,12,9192420,,2,1346948,432880,914068,14.928,432880,1005516,346372,659144,11.144,3.839,A,341432,3.784,3.784,22.289,12
2023,13,4323378,,2,608013,194803,413210,14.24,194803,497792,167119,330673,11.659,3.914,A,110221,2.581,2.581,23.318,13
2023,15,520421,,2,62301,17557,44744,12.134,17557,48200,16373,31827,9.388,3.189,A,14101,2.746,2.746,18.776,15
2023,45,1951355,,2,259166,83790,175376,13.441,83790,211497,65495,146002,10.969,3.397,A,47669,2.472,2.472,21.938,45
2023,44,443646,,2,51150,12566,38584,11.59,12566,46374,13919,32455,10.508,3.154,A,4776,1.082,1.082,21.016,44
2023,16,708872,,2,95377,32121,63256,13.595,32121,80191,26062,54129,11.43,3.715,A,15186,2.165,2.165,22.861,16
2023,41,1689913,,2,222380,66207,156173,13.268,66207,196710,67566,129144,11.737,4.031,A,25670,1.532,1.532,23.473,41
2023,17,5603001,,2,716207,208387,507820,12.927,208387,593050,186229,406821,10.704,3.361,A,123157,2.223,2.223,21.408,17
2023,18,2921474,,2,357969,116206,241763,12.334,116206,319415,90690,228725,11.006,3.125,A,38554,1.328,1.328,22.012,18
2023,19,1428399,,2,180546,62051,118495,12.822,62051,141348,43312,98036,10.038,3.076,A,39198,2.784,2.784,20.076,19
2023,42,5681241,,2,679057,188942,490115,12.079,188942,562881,178764,384117,10.013,3.18,A,116176,2.067,2.067,20.025,42
